KEY,English,Vietnamese,German,Italian,French,Chinese Simplified,Chinese Traditional,Portuguese (Portugal),Portuguese (Brazil),Spanish,Spanish (Mexico),Thai,Indonesian,Korean,Arabic,Japanese,Russian,Turkish
ui_login,Log In,Đăng Nhập,Anmelden,Accedi,Connexion,登录,登入,Iniciar Sessão,Entrar,Iniciar sesión,Iniciar sesión,เข้าสู่ระบบ,Masuk,로그인,تسجيل الدخول,ログイン,Войти,Giriş Yap
ui_wheel,{0} Spins,{0} Lần Quay,{0} Drehungen,{0} Giri,{0} Tirages,{0}次抽取,{0}次抽取,{0} Giros,{0} Giros,{0} Giros,{0} Giros,หมุน {0} ครั้ง,{0} Putaran,{0}회 뽑기,{0} سحبات,{0}回召喚,Крутки: {0},{0} Çekiliş
ui_item_gold,Gold,Vàng,Gold,Oro,Or,金币,金幣,Ouro,Ouro,Oro,Oro,ทอง,Emas,골드,الذهب,ゴールド,Золото,Altın
ui_item_crystal,Crystal,Pha Lê,Kristall,Cristallo,Cristal,水晶,水晶,Cristal,Cristal,Cristal,Cristal,คริสตัล,Kristal,크리스탈,البلورات,クリスタル,Кристалл,Kristal
ui_item_diamond,Diamond,Kim Cương,Diamant,Diamante,Diamant,钻石,鑽石,Diamante,Diamante,Diamante,Diamante,เพชร,Berlian,다이아,الألماس,ダイヤ,Алмаз,Elmas
ui_item_energy,Energy,Năng Lượng,Energie,Energia,Énergie,体力,體力,Energia,Energia,Energía,Energía,พลังงาน,Energi,에너지,الطاقة,エネルギー,Энергия,Enerji
ui_item_arena_token,Arena Token,Huy Hiệu Đấu Trường,Arena-Marke,Gettone Arena,Jeton d'Arène,竞技场代币,競技場代幣,Ficha da Arena,Ficha da Arena,Ficha de Arena,Ficha de Arena,เหรียญอารีนา,Token Arena,아레나 토큰,رمز الحلبة,アリーナコイン,Жетон арены,Arena Jetonu
ui_item_guild_coin,Guild Coin,Xu Bang Hội,Gildenmünze,Moneta Gilda,Pièce de Guilde,公会币,公會幣,Moeda da Guilda,Moeda da Guilda,Moneda de Gremio,Moneda de Gremio,เหรียญกิลด์,Koin Guild,길드 코인,عملة النقابة,ギルドコイン,Монета гильдии,Lonca Parası
ui_item_event_token,Event Token,Xu Sự Kiện,Event-Marke,Gettone Evento,Jeton d'Événement,活动代币,活動代幣,Ficha de Evento,Ficha de Evento,Ficha de Evento,Ficha de Evento,เหรียญกิจกรรม,Token Event,이벤트 토큰,رمز الفعالية,イベントコイン,Жетон события,Etkinlik Jetonu
ui_item_summon_ticket_heroes,Summon Ticket Heroes,Vé Triệu Hồi Anh Hùng,Heldenbeschwörungsticket,Biglietto Evocazione Eroe,Ticket d'Invocation de Héros,英雄召唤券,英雄召喚券,Bilhete de Invocação de Herói,Bilhete de Invocação de Herói,Ticket de Invocación de Héroe,Boleto de Invocación de Héroe,ตั๋วอัญเชิญฮีโร่,Tiket Summon Hero,영웅 소환권,تذكرة استدعاء بطل,英雄召喚券,Билет призыва героя,Kahraman Çağırma Bileti
ui_item_summon_ticket_weapon,Summon Ticket Weapon,Vé Triệu Hồi Vũ Khí,Waffenbeschwörungsticket,Biglietto Evocazione Arma,Ticket d'Invocation d'Arme,武器召唤券,武器召喚券,Bilhete de Invocação de Arma,Bilhete de Invocação de Arma,Ticket de Invocación de Arma,Boleto de Invocación de Arma,ตั๋วอัญเชิญอาวุธ,Tiket Summon Senjata,무기 소환권,تذكرة استدعاء سلاح,武器召喚券,Билет призыва оружия,Silah Çağırma Bileti
ui_item_hero_exp,Hero EXP,EXP Anh Hùng,Helden-EP,EXP Eroe,EXP de Héros,英雄经验,英雄經驗,EXP de Herói,EXP de Herói,EXP de Héroe,EXP de Héroe,EXP ฮีโร่,EXP Hero,영웅 경험치,خبرة البطل,英雄EXP,Опыт героя,Kahraman EXP
ui_item_hero_fragment,Hero Fragment,Mảnh Anh Hùng,Heldensplitter,Frammento Eroe,Fragment de Héros,英雄碎片,英雄碎片,Fragmento de Herói,Fragmento de Herói,Fragmento de Héroe,Fragmento de Héroe,ชิ้นส่วนฮีโร่,Fragmen Hero,영웅 조각,شظية بطل,英雄の欠片,Фрагмент героя,Kahraman Parçası
ui_item_epic_hero_fragment,Epic Hero Fragment,Mảnh Anh Hùng Sử Thi,Epischer Heldensplitter,Frammento Eroe Epico,Fragment de Héros Épique,史诗英雄碎片,史詩英雄碎片,Fragmento de Herói Épico,Fragmento de Herói Épico,Fragmento de Héroe Épico,Fragmento de Héroe Épico,ชิ้นส่วนฮีโร่ระดับมหากาพย์,Fragmen Hero Epik,에픽 영웅 조각,شظية بطل ملحمي,エピック英雄の欠片,Фрагмент эпического героя,Destansı Kahraman Parçası
ui_item_legendary_hero_fragment,Legendary Hero Fragment,Mảnh Anh Hùng Huyền Thoại,Legendärer Heldensplitter,Frammento Eroe Leggendario,Fragment de Héros Légendaire,传说英雄碎片,傳說英雄碎片,Fragmento de Herói Lendário,Fragmento de Herói Lendário,Fragmento de Héroe Legendario,Fragmento de Héroe Legendario,ชิ้นส่วนฮีโร่ระดับตำนาน,Fragmen Hero Legendaris,전설 영웅 조각,شظية بطل أسطوري,レジェンド英雄の欠片,Фрагмент легендарного героя,Efsanevi Kahraman Parçası
ui_item_equipment_upgrade_stone,Equipment Upgrade Stone,Đá Cường Hóa Trang Bị,Ausrüstungsverbesserungsstein,Pietra Potenziamento Equipaggiamento,Pierre d'Amélioration d'Équipement,装备强化石,裝備強化石,Pedra de Melhoria de Equipamento,Pedra de Aprimoramento de Equipamento,Piedra de Mejora de Equipo,Piedra de Mejora de Equipo,หินอัปเกรดอุปกรณ์,Batu Upgrade Perlengkapan,장비 강화석,حجر ترقية المعدات,装備強化石,Камень улучшения снаряжения,Ekipman Geliştirme Taşı
ui_item_Gear_Refinement_Stone,Gear Refinement Stone,Đá Tinh Luyện Trang Bị,Ausrüstungsveredelungsstein,Pietra Raffinamento Equipaggiamento,Pierre de Raffinement d'Équipement,装备精炼石,裝備精煉石,Pedra de Refinamento de Equipamento,Pedra de Refinamento de Equipamento,Piedra de Refinamiento de Equipo,Piedra de Refinamiento de Equipo,หินขัดเกลาอุปกรณ์,Batu Refinement Perlengkapan,장비 제련석,حجر صقل المعدات,装備精錬石,Камень закалки снаряжения,Ekipman Arıtma Taşı
ui_item_Breakthrough_Stone,Breakthrough Stone,Đá Đột Phá,Durchbruchstein,Pietra della Svolta,Pierre de Percée,突破石,突破石,Pedra de Evolução,Pedra de Avanço,Piedra de Avance,Piedra de Avance,หินทะลวงขีดจำกัด,Batu Breakthrough,돌파석,حجر الاختراق,突破石,Камень прорыва,Atılım Taşı
ui_item_Transcendence_Stone,Transcendence Stone,Đá Siêu Việt,Transzendenzstein,Pietra della Trascendenza,Pierre de Transcendance,超越石,超越石,Pedra de Transcendência,Pedra de Transcendência,Piedra de Trascendencia,Piedra de Trascendencia,หินก้าวข้าม,Batu Transendensi,초월석,حجر التجاوز,超越石,Камень трансценденции,Aşkınlık Taşı
ui_item_Equipment_Chest,Equipment Chest,Rương Trang Bị,Ausrüstungstruhe,Forziere Equipaggiamento,Coffre d'Équipement,装备宝箱,裝備寶箱,Baú de Equipamento,Baú de Equipamento,Cofre de Equipo,Cofre de Equipo,หีบอุปกรณ์,Peti Perlengkapan,장비 상자,صندوق معدات,装備宝箱,Сундук со снаряжением,Ekipman Sandığı
ui_item_Rare_Equipment_Chest,Rare Equipment Chest,Rương Trang Bị Hiếm,Truhe mit seltener Ausrüstung,Forziere Equipaggiamento Raro,Coffre d'Équipement Rare,稀有装备宝箱,稀有裝備寶箱,Baú de Equipamento Raro,Baú de Equipamento Raro,Cofre de Equipo Raro,Cofre de Equipo Raro,หีบอุปกรณ์หายาก,Peti Perlengkapan Langka,희귀 장비 상자,صندوق معدات نادرة,レア装備宝箱,Сундук с редким снаряжением,Nadir Ekipman Sandığı
ui_item_Epic_Equipment_Chest,Epic Equipment Chest,Rương Trang Bị Sử Thi,Truhe mit epischer Ausrüstung,Forziere Equipaggiamento Epico,Coffre d'Équipement Épique,史诗装备宝箱,史詩裝備寶箱,Baú de Equipamento Épico,Baú de Equipamento Épico,Cofre de Equipo Épico,Cofre de Equipo Épico,หีบอุปกรณ์มหากาพย์,Peti Perlengkapan Epik,에픽 장비 상자,صندوق معدات ملحمية,エピック装備宝箱,Сундук с эпическим снаряжением,Destansı Ekipman Sandığı
ui_item_Legendary_Equipment_Chest,Legendary Equipment Chest,Rương Trang Bị Huyền Thoại,Truhe mit legendärer Ausrüstung,Forziere Equipaggiamento Leggendario,Coffre d'Équipement Légendaire,传说装备宝箱,傳說裝備寶箱,Baú de Equipamento Lendário,Baú de Equipamento Lendário,Cofre de Equipo Legendario,Cofre de Equipo Legendario,หีบอุปกรณ์ตำนาน,Peti Perlengkapan Legendaris,전설 장비 상자,صندوق معدات أسطورية,レジェンド装備宝箱,Сундук с легендарным снаряжением,Efsanevi Ekipman Sandığı
ui_item_Dungeon_Key,Dungeon Key,Chìa Khóa Hầm Ngục,Dungeon-Schlüssel,Chiave Dungeon,Clé de Donjon,地下城钥匙,地下城鑰匙,Chave de Masmorra,Chave de Masmorra,Llave de Mazmorra,Llave de Calabozo,กุญแจดันเจี้ยน,Kunci Dungeon,던전 열쇠,مفتاح الزنزانة,ダンジョンの鍵,Ключ от подземелья,Zindan Anahtarı
ui_item_Boss_Challenge_Ticket,Boss Challenge Ticket,Vé Khiêu Chiến Boss,Boss-Herausforderungsticket,Biglietto Sfida Boss,Ticket de Défi de Boss,首领挑战券,首領挑戰券,Bilhete de Desafio do Chefe,Bilhete de Desafio do Chefe,Ticket de Desafío de Jefe,Boleto de Desafío de Jefe,ตั๋วท้าทายบอส,Tiket Tantangan Bos,보스 도전권,تذكرة تحدي الزعيم,ボス挑戦券,Билет испытания босса,Boss Mücadele Bileti
ui_item_Event_Dice,Event Dice,Xúc Xắc Sự Kiện,Event-Würfel,Dado Evento,Dé d'Événement,活动骰子,活動骰子,Dado de Evento,Dado de Evento,Dado de Evento,Dado de Evento,ลูกเต๋ากิจกรรม,Dadu Event,이벤트 주사위,نرد الفعالية,イベントダイス,Событийный кубик,Etkinlik Zarı
ui_item_Bingo_Ticket,Bingo Ticket,Vé Bingo,Bingo-Ticket,Biglietto Bingo,Ticket de Bingo,宾果券,賓果券,Bilhete de Bingo,Bilhete de Bingo,Ticket de Bingo,Boleto de Bingo,ตั๋วบิงโก,Tiket Bingo,빙고 티켓,تذكرة بينغو,ビンゴチケット,Билет бинго,Bingo Bileti
ui_item_Treasure_Map,Treasure Map,Bản Đồ Kho Báu,Schatzkarte,Mappa del Tesoro,Carte au Trésor,藏宝图,藏寶圖,Mapa do Tesouro,Mapa do Tesouro,Mapa del Tesoro,Mapa del Tesoro,แผนที่ขุมทรัพย์,Peta Harta Karun,보물 지도,خريطة كنز,宝の地図,Карта сокровищ,Hazine Haritası
ui_item_Gold_Chest,Gold Chest,Rương Vàng,Goldtruhe,Forziere d'Oro,Coffre d'Or,金币宝箱,金幣寶箱,Baú de Ouro,Baú de Ouro,Cofre de Oro,Cofre de Oro,หีบทอง,Peti Emas,골드 상자,صندوق ذهب,ゴールド宝箱,Сундук с золотом,Altın Sandığı
ui_item_Diamond_Chest,Diamond Chest,Rương Kim Cương,Diamanttruhe,Forziere di Diamanti,Coffre de Diamants,钻石宝箱,鑽石寶箱,Baú de Diamantes,Baú de Diamantes,Cofre de Diamantes,Cofre de Diamantes,หีบเพชร,Peti Berlian,다이아 상자,صندوق ألماس,ダイヤ宝箱,Сундук с алмазами,Elmas Sandığı
ui_item_Resource_Pack,Resource Pack,Gói Tài Nguyên,Ressourcenpaket,Pacchetto Risorse,Pack de Ressources,资源包,資源包,Pacote de Recursos,Pacote de Recursos,Paquete de Recursos,Paquete de Recursos,แพ็กทรัพยากร,Paket Sumber Daya,자원 팩,حزمة موارد,資源パック,Набор ресурсов,Kaynak Paketi
ui_item_Pet_Egg,Pet Egg,Trứng Thú Cưng,Begleiter-Ei,Uovo Famiglio,Œuf de Familier,宠物蛋,寵物蛋,Ovo de Mascote,Ovo de Mascote,Huevo de Mascota,Huevo de Mascota,ไข่สัตว์เลี้ยง,Telur Peliharaan,펫 알,بيضة حيوان أليف,ペットの卵,Яйцо питомца,Evcil Hayvan Yumurtası
ui_item_Pet_Upgrade_Food,Pet Upgrade Food,Thức Ăn Nâng Cấp Thú Cưng,Begleiter-Aufwertungsfutter,Cibo Potenziamento Famiglio,Nourriture d'Amélioration de Familier,宠物升级食物,寵物升級食物,Comida de Melhoria de Mascote,Comida de Aprimoramento de Mascote,Comida de Mejora de Mascota,Comida de Mejora de Mascota,อาหารอัปเกรดสัตว์เลี้ยง,Makanan Upgrade Peliharaan,펫 강화 먹이,طعام ترقية الحيوان الأليف,ペット強化フード,Корм для улучшения питомца,Evcil Hayvan Geliştirme Maması
ui_item_Relic_Fragment,Relic Fragment,Mảnh Thánh Vật,Reliktsplitter,Frammento Reliquia,Fragment de Relique,圣物碎片,聖物碎片,Fragmento de Relíquia,Fragmento de Relíquia,Fragmento de Reliquia,Fragmento de Reliquia,ชิ้นส่วนวัตถุศักดิ์สิทธิ์,Fragmen Relik,유물 조각,شظية أثر مقدس,聖遺物の欠片,Фрагмент реликвии,Kutsal Emanet Parçası
ui_item_Relic_Upgrade_Stone,Relic Upgrade Stone,Đá Nâng Cấp Thánh Vật,Reliktverbesserungsstein,Pietra Potenziamento Reliquia,Pierre d'Amélioration de Relique,圣物强化石,聖物強化石,Pedra de Melhoria de Relíquia,Pedra de Aprimoramento de Relíquia,Piedra de Mejora de Reliquia,Piedra de Mejora de Reliquia,หินอัปเกรดวัตถุศักดิ์สิทธิ์,Batu Upgrade Relik,유물 강화석,حجر ترقية الأثر المقدس,聖遺物強化石,Камень улучшения реликвии,Kutsal Emanet Geliştirme Taşı
ui_item_Monster_Card,Monster Card,Thẻ Quái Vật,Monsterkarte,Carta Mostro,Carte de Monstre,怪物卡,怪物卡,Carta de Monstro,Carta de Monstro,Carta de Monstruo,Carta de Monstruo,การ์ดมอนสเตอร์,Kartu Monster,몬스터 카드,بطاقة وحش,モンスターカード,Карта монстра,Canavar Kartı
ui_item_Monster_Essence,Monster Essence,Tinh Hoa Quái Vật,Monsteressenz,Essenza Mostro,Essence de Monstre,怪物精华,怪物精華,Essência de Monstro,Essência de Monstro,Esencia de Monstruo,Esencia de Monstruo,แก่นแท้มอนสเตอร์,Esensi Monster,몬스터 정수,جوهر الوحش,モンスターエッセンス,Эссенция монстра,Canavar Özü
ui_item_Artifact_Fragment,Artifact Fragment,Mảnh Cổ Vật,Artefaktsplitter,Frammento Artefatto,Fragment d'Artéfact,神器碎片,神器碎片,Fragmento de Artefacto,Fragmento de Artefato,Fragmento de Artefacto,Fragmento de Artefacto,ชิ้นส่วนอาร์ติแฟกต์,Fragmen Artefak,아티팩트 조각,شظية قطعة أثرية,アーティファクトの欠片,Фрагмент артефакта,Artefakt Parçası
ui_item_Artifact_Upgrade_Core,Artifact Upgrade Core,Lõi Nâng Cấp Cổ Vật,Artefakt-Verbesserungskern,Nucleo Potenziamento Artefatto,Cœur d'Amélioration d'Artéfact,神器升级核心,神器升級核心,Núcleo de Melhoria de Artefacto,Núcleo de Aprimoramento de Artefato,Núcleo de Mejora de Artefacto,Núcleo de Mejora de Artefacto,แกนอัปเกรดอาร์ติแฟกต์,Inti Upgrade Artefak,아티팩트 강화 코어,نواة ترقية القطعة الأثرية,アーティファクト強化コア,Ядро улучшения артефакта,Artefakt Geliştirme Çekirdeği
ui_item_Resource_Coin,Resource Coin,Xu Tài Nguyên,Ressourcenmünze,Moneta Risorse,Pièce de Ressource,资源币,資源幣,Moeda de Recursos,Moeda de Recursos,Moneda de Recursos,Moneda de Recursos,เหรียญทรัพยากร,Koin Sumber Daya,자원 코인,عملة الموارد,資源コイン,Монета ресурсов,Kaynak Parası
ui_item_Roulette_Ticket,Roulette Ticket,Vé Vòng Quay,Roulette-Ticket,Biglietto Roulette,Ticket de Roulette,轮盘券,輪盤券,Bilhete de Roleta,Bilhete de Roleta,Ticket de Ruleta,Boleto de Ruleta,ตั๋วรูเล็ต,Tiket Rolet,룰렛 티켓,تذكرة الروليت,ルーレットチケット,Билет рулетки,Rulet Bileti
ui_item_Offline_Reward_Chest,Offline Reward Chest,Rương Thưởng Treo Máy,Offline-Belohnungstruhe,Forziere Ricompense Offline,Coffre de Récompenses Hors Ligne,离线奖励宝箱,離線獎勵寶箱,Baú de Recompensas Offline,Baú de Recompensas Offline,Cofre de Recompensas sin Conexión,Cofre de Recompensas sin Conexión,หีบรางวัลออฟไลน์,Peti Hadiah Offline,오프라인 보상 상자,صندوق مكافآت عدم الاتصال,放置報酬宝箱,Сундук офлайн-наград,Çevrimdışı Ödül Sandığı
ui_item_Quick_Loot_Ticket,Quick Loot Ticket,Vé Thu Thập Nhanh,Schnellbeute-Ticket,Biglietto Bottino Rapido,Ticket de Butin Rapide,快速掠夺券,快速掠奪券,Bilhete de Saque Rápido,Bilhete de Saque Rápido,Ticket de Saque Rápido,Boleto de Saque Rápido,ตั๋วปล้นด่วน,Tiket Loot Cepat,빠른 약탈권,تذكرة نهب سريع,クイック略奪券,Билет быстрого сбора,Hızlı Yağma Bileti
ui_item_Awakening_Fruit,Awakening Fruit,Trái Thức Tỉnh,Erwachensfrucht,Frutto del Risveglio,Fruit d'Éveil,觉醒果实,覺醒果實,Fruto do Despertar,Fruto do Despertar,Fruto del Despertar,Fruto del Despertar,ผลไม้ปลุกพลัง,Buah Awakening,각성의 열매,ثمرة الإيقاظ,覚醒の実,Плод пробуждения,Uyanış Meyvesi
ui_item_Weapon_Ore,Weapon Ore,Quặng Vũ Khí,Waffenerz,Minerale per Armi,Minerai d'Arme,武器矿石,武器礦石,Minério de Arma,Minério de Arma,Mineral de Arma,Mineral de Arma,แร่อาวุธ,Bijih Senjata,무기 광석,خام السلاح,武器鉱石,Оружейная руда,Silah Cevheri
ui_item_Weapon_Gem,Weapon Gem,Đá Quý Vũ Khí,Waffenjuwel,Gemma per Armi,Gemme d'Arme,武器宝石,武器寶石,Gema de Arma,Gema de Arma,Gema de Arma,Gema de Arma,อัญมณีอาวุธ,Permata Senjata,무기 보석,جوهرة السلاح,武器宝石,Оружейный самоцвет,Silah Mücevheri
ui_item_Weapon_Essence,Weapon Essence,Tinh Hoa Vũ Khí,Waffenessenz,Essenza dell'Arma,Essence d'Arme,武器精华,武器精華,Essência de Arma,Essência de Arma,Esencia de Arma,Esencia de Arma,แก่นแท้อาวุธ,Esensi Senjata,무기 정수,جوهر السلاح,武器エッセンス,Эссенция оружия,Silah Özü
ui_item_Summon_Ticket_Skill,Summon Ticket Skill,Vé Triệu Hồi Kỹ Năng,Fähigkeitsbeschwörungsticket,Biglietto Evocazione Abilità,Ticket d'Invocation de Compétence,技能召唤券,技能召喚券,Bilhete de Invocação de Habilidade,Bilhete de Invocação de Habilidade,Ticket de Invocación de Habilidad,Boleto de Invocación de Habilidad,ตั๋วอัญเชิญสกิล,Tiket Summon Skill,스킬 소환권,تذكرة استدعاء مهارة,スキル召喚券,Билет призыва навыка,Yetenek Çağırma Bileti
ui_item_Summon_Ticket_hero_banner,Summon Ticket hero banner,Vé Triệu Hồi Banner Anh Hùng,Heldenbanner-Beschwörungsticket,Biglietto Evocazione Banner Eroe,Ticket d'Invocation de Bannière de Héros,英雄限定召唤券,英雄限定召喚券,Bilhete de Invocação do Banner de Herói,Bilhete de Invocação do Banner de Herói,Ticket de Invocación de Banner de Héroe,Boleto de Invocación de Banner de Héroe,ตั๋วอัญเชิญแบนเนอร์ฮีโร่,Tiket Summon Banner Hero,영웅 배너 소환권,تذكرة استدعاء راية البطل,英雄バナー召喚券,Билет баннера героя,Kahraman Banner Çağırma Bileti
ui_item_User_EXP,User EXP,EXP Người Chơi,Spieler-EP,EXP Giocatore,EXP de Joueur,玩家经验,玩家經驗,EXP de Jogador,EXP de Jogador,EXP de Jugador,EXP de Jugador,EXP ผู้เล่น,EXP Pemain,유저 경험치,خبرة اللاعب,プレイヤーEXP,Опыт игрока,Oyuncu EXP
ui_item_Lucky_Wheel_Ticket_Silver,Lucky Wheel Ticket Silver,Vé Vòng Quay May Mắn Bạc,Silbernes Glücksrad-Ticket,Biglietto Ruota della Fortuna d'Argento,Ticket Argenté de la Roue de la Fortune,白银幸运转盘券,白銀幸運轉盤券,Bilhete Prateado da Roda da Sorte,Bilhete Prateado da Roda da Sorte,Ticket Plateado de la Ruleta de la Suerte,Boleto Plateado de la Ruleta de la Suerte,ตั๋ววงล้อโชคดีสีเงิน,Tiket Roda Keberuntungan Perak,실버 행운의 룰렛 티켓,تذكرة عجلة الحظ الفضية,シルバー幸運ルーレット券,Серебряный билет колеса удачи,Gümüş Şans Çarkı Bileti
ui_item_Lucky_Wheel_Ticket_Gold,Lucky Wheel Ticket Gold,Vé Vòng Quay May Mắn Vàng,Goldenes Glücksrad-Ticket,Biglietto Ruota della Fortuna d'Oro,Ticket Doré de la Roue de la Fortune,黄金幸运转盘券,黃金幸運轉盤券,Bilhete Dourado da Roda da Sorte,Bilhete Dourado da Roda da Sorte,Ticket Dorado de la Ruleta de la Suerte,Boleto Dorado de la Ruleta de la Suerte,ตั๋ววงล้อโชคดีสีทอง,Tiket Roda Keberuntungan Emas,골드 행운의 룰렛 티켓,تذكرة عجلة الحظ الذهبية,ゴールド幸運ルーレット券,Золотой билет колеса удачи,Altın Şans Çarkı Bileti
ui_item_Lucky_Wheel_Point,Lucky Wheel Point,Điểm Vòng Quay May Mắn,Glücksradpunkte,Punti Ruota della Fortuna,Points de la Roue de la Fortune,幸运转盘积分,幸運轉盤積分,Pontos da Roda da Sorte,Pontos da Roda da Sorte,Puntos de la Ruleta de la Suerte,Puntos de la Ruleta de la Suerte,คะแนนวงล้อโชคดี,Poin Roda Keberuntungan,행운의 룰렛 포인트,نقاط عجلة الحظ,幸運ルーレットポイント,Очки колеса удачи,Şans Çarkı Puanı
ui_item_random_heroes_legend,Random Heroes Legend,Anh Hùng Huyền Thoại Ngẫu Nhiên,Zufälliger legendärer Held,Eroe Leggendario Casuale,Héros Légendaire Aléatoire,随机传说英雄,隨機傳說英雄,Herói Lendário Aleatório,Herói Lendário Aleatório,Héroe Legendario Aleatorio,Héroe Legendario Aleatorio,ฮีโร่ระดับตำนานแบบสุ่ม,Hero Legendaris Acak,무작위 전설 영웅,بطل أسطوري عشوائي,ランダムレジェンド英雄,Случайный легендарный герой,Rastgele Efsanevi Kahraman
ui_item_random_gear_ss,Random Gear SS,Trang Bị SS Ngẫu Nhiên,Zufällige SS-Ausrüstung,Equipaggiamento SS Casuale,Équipement SS Aléatoire,随机SS装备,隨機SS裝備,Equipamento SS Aleatório,Equipamento SS Aleatório,Equipo SS Aleatorio,Equipo SS Aleatorio,อุปกรณ์ SS แบบสุ่ม,Perlengkapan SS Acak,무작위 SS 장비,معدات SS عشوائية,ランダムSS装備,Случайное снаряжение SS,Rastgele SS Ekipman
ui_item_random_skill_ss,Random Skill SS,Kỹ Năng SS Ngẫu Nhiên,Zufällige SS-Fähigkeit,Abilità SS Casuale,Compétence SS Aléatoire,随机SS技能,隨機SS技能,Habilidade SS Aleatória,Habilidade SS Aleatória,Habilidad SS Aleatoria,Habilidad SS Aleatoria,สกิล SS แบบสุ่ม,Skill SS Acak,무작위 SS 스킬,مهارة SS عشوائية,ランダムSSスキル,Случайный навык SS,Rastgele SS Yetenek
ui_item_gold_decs,Standard currency used to upgrade heroes and equipment and purchase common items,"Tiền tệ phổ thông dùng để nâng cấp anh hùng, trang bị và mua vật phẩm thường",Standardwährung zum Verbessern von Helden und Ausrüstung sowie zum Kaufen gewöhnlicher Gegenstände,Valuta comune usata per potenziare eroi ed equipaggiamento e acquistare oggetti comuni,Monnaie courante utilisée pour améliorer les héros et l'équipement et acheter des objets ordinaires,用于升级英雄和装备以及购买普通物品的常用货币,用於升級英雄和裝備以及購買普通物品的常用貨幣,Moeda comum usada para melhorar heróis e equipamento e comprar itens comuns,Moeda comum usada para aprimorar heróis e equipamentos e comprar itens comuns,Moneda común usada para mejorar héroes y equipo y comprar objetos normales,Moneda común usada para mejorar héroes y equipo y comprar objetos comunes,สกุลเงินทั่วไปที่ใช้สำหรับอัปเกรดฮีโร่และอุปกรณ์ รวมถึงซื้อไอเทมทั่วไป,Mata uang umum untuk meningkatkan hero dan perlengkapan serta membeli item biasa,영웅과 장비를 강화하고 일반 아이템을 구매하는 데 사용하는 기본 재화,عملة أساسية تُستخدم لتطوير الأبطال والمعدات وشراء العناصر العادية,英雄や装備の強化、通常アイテムの購入に使用する基本通貨,Основная валюта для улучшения героев и снаряжения и покупки обычных предметов,Kahramanları ve ekipmanları geliştirmek ve normal eşyalar satın almak için kullanılan temel para birimi
ui_item_crystal_decs,Premium currency used for special summons and the Limited Shop,Tiền tệ cao cấp dùng cho triệu hồi đặc biệt và Cửa Hàng Giới Hạn,Premiumwährung für besondere Beschwörungen und den limitierten Shop,Valuta premium usata per evocazioni speciali e nel Negozio Limitato,Monnaie premium utilisée pour les invocations spéciales et la Boutique Limitée,用于特殊召唤和限时商店的高级货币,用於特殊召喚和限時商店的高級貨幣,Moeda premium usada em invocações especiais e na Loja Limitada,Moeda premium usada em invocações especiais e na Loja Limitada,Moneda premium usada para invocaciones especiales y en la Tienda Limitada,Moneda premium usada para invocaciones especiales y en la Tienda Limitada,สกุลเงินพรีเมียมที่ใช้สำหรับการอัญเชิญพิเศษและร้านค้าจำกัดเวลา,Mata uang premium untuk summon khusus dan Toko Terbatas,특별 소환과 한정 상점에서 사용하는 고급 재화,عملة مميزة تُستخدم للاستدعاءات الخاصة وفي المتجر المحدود,特別召喚や限定ショップで使用するプレミアム通貨,Премиальная валюта для особых призывов и магазина ограниченных товаров,Özel çağırmalar ve Sınırlı Mağaza için kullanılan premium para birimi
ui_item_diamond_decs,"Premium currency used to summon, purchase rare items, and speed up progress","Tiền tệ cao cấp dùng để triệu hồi, mua vật phẩm hiếm và tăng tốc tiến trình","Premiumwährung zum Beschwören, Kaufen seltener Gegenstände und Beschleunigen des Fortschritts","Valuta premium usata per evocare, acquistare oggetti rari e accelerare i progressi","Monnaie premium utilisée pour invoquer, acheter des objets rares et accélérer la progression",用于召唤、购买稀有物品和加速成长进度的高级货币,用於召喚、購買稀有物品和加速成長進度的高級貨幣,"Moeda premium usada para invocar, comprar itens raros e acelerar o progresso","Moeda premium usada para invocar, comprar itens raros e acelerar o progresso","Moneda premium usada para invocar, comprar objetos raros y acelerar el progreso","Moneda premium usada para invocar, comprar objetos raros y acelerar el progreso",สกุลเงินพรีเมียมที่ใช้สำหรับอัญเชิญ ซื้อไอเทมหายาก และเร่งความคืบหน้า,"Mata uang premium untuk summon, membeli item langka, dan mempercepat progres","소환, 희귀 아이템 구매 및 성장 가속에 사용하는 고급 재화",عملة مميزة تُستخدم للاستدعاء وشراء العناصر النادرة وتسريع التقدم,召喚、レアアイテムの購入、進行の加速に使用するプレミアム通貨,"Премиальная валюта для призыва, покупки редких предметов и ускорения прогресса","Çağırma, nadir eşya satın alma ve ilerlemeyi hızlandırma için kullanılan premium para birimi"
ui_item_energy_decs,"Used to enter dungeons, challenge bosses, and join special activities","Dùng để tham gia hầm ngục, khiêu chiến Boss và các hoạt động đặc biệt","Wird für Dungeons, Boss-Herausforderungen und besondere Aktivitäten benötigt","Usata per entrare nei dungeon, sfidare i boss e partecipare ad attività speciali","Utilisée pour entrer dans les donjons, défier les boss et participer aux activités spéciales",用于进入地下城、挑战首领和参加特殊活动,用於進入地下城、挑戰首領和參加特殊活動,"Usada para entrar em masmorras, desafiar chefes e participar em atividades especiais","Usada para entrar em masmorras, desafiar chefes e participar de atividades especiais","Se usa para entrar en mazmorras, desafiar jefes y participar en actividades especiales","Se usa para entrar en calabozos, desafiar jefes y participar en actividades especiales",ใช้สำหรับเข้าดันเจี้ยน ท้าทายบอส และเข้าร่วมกิจกรรมพิเศษ,"Digunakan untuk memasuki dungeon, menantang bos, dan mengikuti aktivitas khusus","던전 입장, 보스 도전 및 특별 활동 참여에 사용",تُستخدم لدخول الزنزانات وتحدي الزعماء والمشاركة في الأنشطة الخاصة,ダンジョンへの入場、ボスへの挑戦、特別なアクティビティへの参加に使用,"Используется для входа в подземелья, испытаний боссов и особых активностей","Zindanlara girmek, bosslara meydan okumak ve özel etkinliklere katılmak için kullanılır"
ui_item_arena_token_decs,Earned from Arena PvP and used in the Arena Shop,Nhận từ Arena PvP và dùng trong Cửa Hàng Arena,Wird im Arena-PvP verdient und im Arena-Shop verwendet,Ottenuta nell'Arena PvP e usata nel Negozio Arena,Obtenu en Arène JcJ et utilisé dans la Boutique d'Arène,通过竞技场对战获得，可在竞技场商店中使用,透過競技場對戰獲得，可在競技場商店中使用,Obtida na Arena PvP e usada na Loja da Arena,Obtida na Arena PvP e usada na Loja da Arena,Se obtiene en la Arena JcJ y se usa en la Tienda de Arena,Se obtiene en la Arena JcJ y se usa en la Tienda de Arena,ได้รับจาก Arena PvP และใช้ในร้านค้าอารีนา,Diperoleh dari Arena PvP dan digunakan di Toko Arena,아레나 PvP에서 획득하며 아레나 상점에서 사용,تُكتسب من حلبة لاعب ضد لاعب وتُستخدم في متجر الحلبة,アリーナPvPで獲得し、アリーナショップで使用,Можно получить в PvP на арене и использовать в магазине арены,Arena PvP'den kazanılır ve Arena Mağazası'nda kullanılır
ui_item_guild_coin_decs,Earned from Guild Bosses and Guild Events and used in the Guild Shop,"Nhận từ Guild Boss và Guild Event, dùng trong Cửa Hàng Bang Hội",Wird bei Gildenbossen und Gildenevents verdient und im Gilden-Shop verwendet,Ottenuta dai Boss di Gilda e dagli Eventi Gilda e usata nel Negozio Gilda,Obtenue auprès des Boss de Guilde et des Événements de Guilde et utilisée dans la Boutique de Guilde,通过公会首领和公会活动获得，可在公会商店中使用,透過公會首領和公會活動獲得，可在公會商店中使用,Obtida em Chefes de Guilda e Eventos de Guilda e usada na Loja da Guilda,Obtida em Chefes de Guilda e Eventos de Guilda e usada na Loja da Guilda,Se obtiene de Jefes de Gremio y Eventos de Gremio y se usa en la Tienda del Gremio,Se obtiene de Jefes de Gremio y Eventos de Gremio y se usa en la Tienda del Gremio,ได้รับจากบอสกิลด์และกิจกรรมกิลด์ และใช้ในร้านค้ากิลด์,Diperoleh dari Bos Guild dan Event Guild dan digunakan di Toko Guild,길드 보스와 길드 이벤트에서 획득하며 길드 상점에서 사용,تُكتسب من زعماء النقابة وفعاليات النقابة وتُستخدم في متجر النقابة,ギルドボスやギルドイベントで獲得し、ギルドショップで使用,Можно получить за боссов и события гильдии и использовать в магазине гильдии,Lonca Bossları ve Lonca Etkinliklerinden kazanılır ve Lonca Mağazası'nda kullanılır
ui_item_event_token_decs,Limited-time token used to exchange rewards in the Event Shop,Token giới hạn thời gian dùng để đổi thưởng trong Cửa Hàng Sự Kiện,Zeitlich begrenzte Marke zum Eintauschen von Belohnungen im Event-Shop,Gettone a tempo limitato usato per scambiare ricompense nel Negozio Evento,Jeton à durée limitée utilisé pour échanger des récompenses dans la Boutique d'Événement,限时活动代币，可在活动商店中兑换奖励,限時活動代幣，可在活動商店中兌換獎勵,Ficha temporária usada para trocar recompensas na Loja de Evento,Ficha temporária usada para trocar recompensas na Loja de Evento,Ficha temporal usada para canjear recompensas en la Tienda de Evento,Ficha temporal usada para canjear recompensas en la Tienda de Evento,โทเคนจำกัดเวลาที่ใช้แลกรางวัลในร้านค้ากิจกรรม,Token berbatas waktu untuk menukar hadiah di Toko Event,이벤트 상점에서 보상 교환에 사용하는 기간 한정 토큰,رمز محدود المدة يُستخدم لاستبدال المكافآت في متجر الفعالية,イベントショップで報酬交換に使用する期間限定トークン,Временный жетон для обмена на награды в магазине события,Etkinlik Mağazası'nda ödül takası için kullanılan süreli jeton
ui_item_summon_ticket_heroes_decs,Used to summon heroes from the standard banner,Dùng để triệu hồi anh hùng trong banner thường,Wird zur Heldenbeschwörung im Standardbanner verwendet,Usato per evocare eroi dal banner standard,Utilisé pour invoquer des héros depuis la bannière standard,用于在常驻卡池中召唤英雄,用於在常駐卡池中召喚英雄,Usado para invocar heróis no banner normal,Usado para invocar heróis no banner padrão,Se usa para invocar héroes en el banner estándar,Se usa para invocar héroes en el banner estándar,ใช้สำหรับอัญเชิญฮีโร่จากแบนเนอร์ปกติ,Digunakan untuk summon hero dari banner standar,일반 배너에서 영웅을 소환할 때 사용,تُستخدم لاستدعاء الأبطال من الراية العادية,通常召喚で英雄を召喚する際に使用,Используется для призыва героев в стандартном баннере,Standart bannerda kahraman çağırmak için kullanılır
ui_item_summon_ticket_weapon_decs,Used to summon weapons,Dùng để triệu hồi vũ khí,Wird zur Waffenbeschwörung verwendet,Usato per evocare armi,Utilisé pour invoquer des armes,用于召唤武器,用於召喚武器,Usado para invocar armas,Usado para invocar armas,Se usa para invocar armas,Se usa para invocar armas,ใช้สำหรับอัญเชิญอาวุธ,Digunakan untuk summon senjata,무기를 소환할 때 사용,تُستخدم لاستدعاء الأسلحة,武器を召喚する際に使用,Используется для призыва оружия,Silah çağırmak için kullanılır
ui_item_hero_exp_decs,Used to increase hero levels,Dùng để tăng cấp anh hùng,Wird zum Erhöhen der Heldenstufe verwendet,Usato per aumentare il livello degli eroi,Utilisé pour augmenter le niveau des héros,用于提升英雄等级,用於提升英雄等級,Usado para aumentar o nível dos heróis,Usado para aumentar o nível dos heróis,Se usa para aumentar el nivel de los héroes,Se usa para aumentar el nivel de los héroes,ใช้สำหรับเพิ่มเลเวลฮีโร่,Digunakan untuk meningkatkan level hero,영웅 레벨을 올릴 때 사용,تُستخدم لرفع مستوى الأبطال,英雄のレベルアップに使用,Используется для повышения уровня героев,Kahraman seviyesini yükseltmek için kullanılır
ui_item_hero_fragment_decs,Used to unlock heroes or increase their star level,Dùng để mở khóa hoặc tăng sao anh hùng,Wird zum Freischalten oder Erhöhen der Sterne eines Helden verwendet,Usato per sbloccare gli eroi o aumentarne le stelle,Utilisé pour débloquer les héros ou augmenter leurs étoiles,用于解锁英雄或提升英雄星级,用於解鎖英雄或提升英雄星級,Usado para desbloquear heróis ou aumentar as suas estrelas,Usado para desbloquear heróis ou aumentar suas estrelas,Se usa para desbloquear héroes o aumentar sus estrellas,Se usa para desbloquear héroes o aumentar sus estrellas,ใช้สำหรับปลดล็อกฮีโร่หรือเพิ่มระดับดาว,Digunakan untuk membuka hero atau meningkatkan bintangnya,영웅을 해금하거나 성급을 높일 때 사용,تُستخدم لفتح الأبطال أو زيادة مستوى نجومهم,英雄の解放や星ランクの上昇に使用,Используется для открытия героев или повышения их звёздности,Kahramanların kilidini açmak veya yıldız seviyelerini yükseltmek için kullanılır
ui_item_epic_hero_fragment_decs,Used to evolve Epic heroes,Dùng để tiến hóa anh hùng Epic,Wird zur Entwicklung epischer Helden verwendet,Usato per evolvere gli eroi Epici,Utilisé pour faire évoluer les héros Épiques,用于进化史诗英雄,用於進化史詩英雄,Usado para evoluir heróis Épicos,Usado para evoluir heróis Épicos,Se usa para evolucionar héroes Épicos,Se usa para evolucionar héroes Épicos,ใช้สำหรับวิวัฒนาการฮีโร่ระดับมหากาพย์,Digunakan untuk mengevolusi hero Epik,에픽 영웅을 진화시킬 때 사용,تُستخدم لتطوير الأبطال الملحميين,エピック英雄の進化に使用,Используется для эволюции эпических героев,Destansı kahramanları geliştirmek için kullanılır
ui_item_legendary_hero_fragment_decs,Used to evolve high-rarity Legendary heroes,Dùng để tiến hóa anh hùng Legendary cao cấp,Wird zur Entwicklung hochrangiger legendärer Helden verwendet,Usato per evolvere gli eroi Leggendari di alto livello,Utilisé pour faire évoluer les héros Légendaires de haut niveau,用于进化高阶传说英雄,用於進化高階傳說英雄,Usado para evoluir heróis Lendários de alto nível,Usado para evoluir heróis Lendários de alto nível,Se usa para evolucionar héroes Legendarios de alto nivel,Se usa para evolucionar héroes Legendarios de alto nivel,ใช้สำหรับวิวัฒนาการฮีโร่ระดับตำนานขั้นสูง,Digunakan untuk mengevolusi hero Legendaris tingkat tinggi,상위 전설 영웅을 진화시킬 때 사용,تُستخدم لتطوير الأبطال الأسطوريين من الرتب العليا,上位レジェンド英雄の進化に使用,Используется для эволюции высокоуровневых легендарных героев,Üst seviye Efsanevi kahramanları geliştirmek için kullanılır
ui_item_equipment_upgrade_stone_decs,Used to increase equipment levels,Dùng để tăng cấp trang bị,Wird zum Erhöhen der Ausrüstungsstufe verwendet,Usato per aumentare il livello dell'equipaggiamento,Utilisée pour augmenter le niveau de l'équipement,用于提升装备等级,用於提升裝備等級,Usado para aumentar o nível do equipamento,Usado para aumentar o nível dos equipamentos,Se usa para aumentar el nivel del equipo,Se usa para aumentar el nivel del equipo,ใช้สำหรับเพิ่มเลเวลอุปกรณ์,Digunakan untuk meningkatkan level perlengkapan,장비 레벨을 올릴 때 사용,تُستخدم لرفع مستوى المعدات,装備のレベルアップに使用,Используется для повышения уровня снаряжения,Ekipman seviyesini yükseltmek için kullanılır
ui_item_Gear_Refinement_Stone_decs,Used to refine or enhance equipment,Dùng để tinh luyện hoặc cường hóa trang bị,Wird zum Veredeln oder Verbessern von Ausrüstung verwendet,Usato per raffinare o potenziare l'equipaggiamento,Utilisée pour raffiner ou améliorer l'équipement,用于精炼或强化装备,用於精煉或強化裝備,Usado para refinar ou melhorar equipamento,Usado para refinar ou aprimorar equipamentos,Se usa para refinar o mejorar el equipo,Se usa para refinar o mejorar el equipo,ใช้สำหรับขัดเกลาหรือเสริมพลังอุปกรณ์,Digunakan untuk refinement atau meningkatkan perlengkapan,장비를 제련하거나 강화할 때 사용,تُستخدم لصقل المعدات أو تعزيزها,装備の精錬や強化に使用,Используется для закалки или улучшения снаряжения,Ekipmanı arıtmak veya geliştirmek için kullanılır
ui_item_Breakthrough_Stone_decs,Used for hero breakthroughs,Dùng để đột phá anh hùng,Wird für Heldendurchbrüche verwendet,Usato per la svolta degli eroi,Utilisée pour effectuer une percée de héros,用于英雄突破,用於英雄突破,Usado para a evolução especial dos heróis,Usado para realizar avanços de heróis,Se usa para realizar avances de héroes,Se usa para realizar avances de héroes,ใช้สำหรับทะลวงขีดจำกัดฮีโร่,Digunakan untuk breakthrough hero,영웅 돌파에 사용,تُستخدم لاختراق مستوى الأبطال,英雄の突破に使用,Используется для прорыва героев,Kahraman atılımı için kullanılır
ui_item_Transcendence_Stone_decs,Used to transcend high-level heroes,Dùng để siêu việt anh hùng cấp cao,Wird zur Transzendenz hochstufiger Helden verwendet,Usato per la trascendenza degli eroi di alto livello,Utilisé pour transcender les héros de haut niveau,用于高阶英雄超越,用於高階英雄超越,Usado para transcender heróis de alto nível,Usado para transcender heróis de alto nível,Se usa para trascender héroes de alto nivel,Se usa para trascender héroes de alto nivel,ใช้สำหรับก้าวข้ามฮีโร่ระดับสูง,Digunakan untuk transendensi hero tingkat tinggi,상위 영웅 초월에 사용,تُستخدم لتجاوز الأبطال من المستويات العليا,上位英雄の超越に使用,Используется для трансценденции высокоуровневых героев,Üst seviye kahramanları aşkınlaştırmak için kullanılır
ui_item_Equipment_Chest_decs,Contains a random piece of equipment,Chứa một trang bị ngẫu nhiên,Enthält einen zufälligen Ausrüstungsgegenstand,Contiene un equipaggiamento casuale,Contient une pièce d'équipement aléatoire,内含一件随机装备,內含一件隨機裝備,Contém uma peça de equipamento aleatória,Contém um equipamento aleatório,Contiene una pieza de equipo aleatoria,Contiene una pieza de equipo al azar,บรรจุอุปกรณ์แบบสุ่มหนึ่งชิ้น,Berisi satu perlengkapan acak,무작위 장비 1개 포함,يحتوي على قطعة معدات عشوائية,ランダムな装備が1個入っている,Содержит один случайный предмет снаряжения,Rastgele bir ekipman içerir
ui_item_Rare_Equipment_Chest_decs,Contains Rare or higher equipment,Chứa trang bị Rare hoặc cao hơn,Enthält seltene oder höherwertige Ausrüstung,Contiene equipaggiamento Raro o superiore,Contient de l'équipement Rare ou supérieur,内含稀有或更高品质的装备,內含稀有或更高品質的裝備,Contém equipamento Raro ou superior,Contém equipamento Raro ou superior,Contiene equipo Raro o superior,Contiene equipo Raro o superior,บรรจุอุปกรณ์ระดับหายากขึ้นไป,Berisi perlengkapan Langka atau lebih tinggi,희귀 등급 이상의 장비 포함,يحتوي على معدات نادرة أو أعلى,レア以上の装備が入っている,Содержит редкое или более качественное снаряжение,Nadir veya daha yüksek seviye ekipman içerir
ui_item_Epic_Equipment_Chest_decs,Contains Epic or higher equipment,Chứa trang bị Epic hoặc cao hơn,Enthält epische oder höherwertige Ausrüstung,Contiene equipaggiamento Epico o superiore,Contient de l'équipement Épique ou supérieur,内含史诗或更高品质的装备,內含史詩或更高品質的裝備,Contém equipamento Épico ou superior,Contém equipamento Épico ou superior,Contiene equipo Épico o superior,Contiene equipo Épico o superior,บรรจุอุปกรณ์ระดับมหากาพย์ขึ้นไป,Berisi perlengkapan Epik atau lebih tinggi,에픽 등급 이상의 장비 포함,يحتوي على معدات ملحمية أو أعلى,エピック以上の装備が入っている,Содержит эпическое или более качественное снаряжение,Destansı veya daha yüksek seviye ekipman içerir
ui_item_Legendary_Equipment_Chest_decs,Contains Legendary equipment,Chứa trang bị Legendary,Enthält legendäre Ausrüstung,Contiene equipaggiamento Leggendario,Contient de l'équipement Légendaire,内含传说装备,內含傳說裝備,Contém equipamento Lendário,Contém equipamento Lendário,Contiene equipo Legendario,Contiene equipo Legendario,บรรจุอุปกรณ์ระดับตำนาน,Berisi perlengkapan Legendaris,전설 장비 포함,يحتوي على معدات أسطورية,レジェンド装備が入っている,Содержит легендарное снаряжение,Efsanevi ekipman içerir
ui_item_Dungeon_Key_decs,Used to enter special dungeons,Dùng để vào hầm ngục đặc biệt,Wird zum Betreten besonderer Dungeons verwendet,Usata per entrare nei dungeon speciali,Utilisée pour entrer dans les donjons spéciaux,用于进入特殊地下城,用於進入特殊地下城,Usada para entrar em masmorras especiais,Usada para entrar em masmorras especiais,Se usa para entrar en mazmorras especiales,Se usa para entrar en calabozos especiales,ใช้สำหรับเข้าสู่ดันเจี้ยนพิเศษ,Digunakan untuk memasuki dungeon khusus,특별 던전 입장에 사용,تُستخدم لدخول الزنزانات الخاصة,特別なダンジョンへの入場に使用,Используется для входа в особые подземелья,Özel zindanlara girmek için kullanılır
ui_item_Boss_Challenge_Ticket_decs,Used to enter Boss Challenges,Dùng để tham gia Khiêu Chiến Boss,Wird zur Teilnahme an Boss-Herausforderungen verwendet,Usato per partecipare alle Sfide Boss,Utilisé pour participer aux Défis de Boss,用于参加首领挑战,用於參加首領挑戰,Usado para participar em Desafios de Chefe,Usado para participar de Desafios de Chefe,Se usa para participar en Desafíos de Jefe,Se usa para participar en Desafíos de Jefe,ใช้สำหรับเข้าร่วมการท้าทายบอส,Digunakan untuk mengikuti Tantangan Bos,보스 도전 참여에 사용,تُستخدم للمشاركة في تحديات الزعماء,ボス挑戦への参加に使用,Используется для участия в испытаниях босса,Boss Mücadelelerine katılmak için kullanılır
ui_item_Event_Dice_decs,Used in event board minigames,Dùng trong mini game bàn cờ sự kiện,Wird in Event-Brettminispielen verwendet,Usato nei minigiochi da tavolo degli eventi,Utilisé dans les mini-jeux de plateau d'événement,用于活动棋盘小游戏,用於活動棋盤小遊戲,Usado em minijogos de tabuleiro de evento,Usado em minijogos de tabuleiro de evento,Se usa en minijuegos de tablero de evento,Se usa en minijuegos de tablero de evento,ใช้ในมินิเกมกระดานกิจกรรม,Digunakan dalam minigame papan event,이벤트 보드 미니게임에서 사용,تُستخدم في ألعاب لوح الفعاليات المصغرة,イベントボードのミニゲームで使用,Используется в событийных настольных мини-играх,Etkinlik tahtası mini oyunlarında kullanılır
ui_item_Bingo_Ticket_decs,Used to reveal tiles in the Bingo Event,Dùng để mở ô trong Sự Kiện Bingo,Wird zum Aufdecken von Feldern im Bingo-Event verwendet,Usato per scoprire caselle nell'Evento Bingo,Utilisé pour révéler des cases dans l'Événement Bingo,用于翻开宾果活动中的格子,用於翻開賓果活動中的格子,Usado para revelar espaços no Evento de Bingo,Usado para revelar espaços no Evento de Bingo,Se usa para revelar casillas en el Evento de Bingo,Se usa para revelar casillas en el Evento de Bingo,ใช้สำหรับเปิดช่องในกิจกรรมบิงโก,Digunakan untuk membuka petak dalam Event Bingo,빙고 이벤트의 칸을 열 때 사용,تُستخدم لكشف الخانات في فعالية البينغو,ビンゴイベントのマスを開ける際に使用,Используется для открытия клеток в событии «Бинго»,Bingo Etkinliği'ndeki kareleri açmak için kullanılır
ui_item_Treasure_Map_decs,Used to unlock the Treasure Hunt Event,Dùng để mở Sự Kiện Truy Tìm Kho Báu,Wird zum Freischalten des Schatzsuche-Events verwendet,Usato per sbloccare l'Evento Caccia al Tesoro,Utilisé pour débloquer l'Événement Chasse au Trésor,用于开启寻宝活动,用於開啟尋寶活動,Usado para desbloquear o Evento de Caça ao Tesouro,Usado para desbloquear o Evento de Caça ao Tesouro,Se usa para desbloquear el Evento de Búsqueda del Tesoro,Se usa para desbloquear el Evento de Búsqueda del Tesoro,ใช้สำหรับปลดล็อกกิจกรรมล่าขุมทรัพย์,Digunakan untuk membuka Event Perburuan Harta Karun,보물찾기 이벤트를 해금할 때 사용,تُستخدم لفتح فعالية البحث عن الكنز,宝探しイベントの解放に使用,Используется для открытия события «Охота за сокровищами»,Hazine Avı Etkinliği'nin kilidini açmak için kullanılır
ui_item_Gold_Chest_decs,Open to receive Gold,Mở ra nhận Vàng,"Öffnen, um Gold zu erhalten",Apri per ricevere Oro,Ouvrez pour recevoir de l'Or,开启后获得金币,開啟後獲得金幣,Abre para receber Ouro,Abra para receber Ouro,Ábrelo para recibir Oro,Ábrelo para recibir Oro,เปิดเพื่อรับทอง,Buka untuk mendapatkan Emas,개봉 시 골드 획득,افتحه للحصول على الذهب,開封するとゴールドを獲得,"Откройте, чтобы получить золото",Açarak Altın kazan
ui_item_Diamond_Chest_decs,Open to receive Diamonds,Mở ra nhận Kim Cương,"Öffnen, um Diamanten zu erhalten",Apri per ricevere Diamanti,Ouvrez pour recevoir des Diamants,开启后获得钻石,開啟後獲得鑽石,Abre para receber Diamantes,Abra para receber Diamantes,Ábrelo para recibir Diamantes,Ábrelo para recibir Diamantes,เปิดเพื่อรับเพชร,Buka untuk mendapatkan Berlian,개봉 시 다이아 획득,افتحه للحصول على الألماس,開封するとダイヤを獲得,"Откройте, чтобы получить алмазы",Açarak Elmas kazan
ui_item_Resource_Pack_decs,Contains various upgrade resources,Chứa nhiều loại tài nguyên nâng cấp,Enthält verschiedene Verbesserungsressourcen,Contiene varie risorse di potenziamento,Contient diverses ressources d'amélioration,内含多种升级资源,內含多種升級資源,Contém vários recursos de melhoria,Contém vários recursos de aprimoramento,Contiene diversos recursos de mejora,Contiene varios recursos de mejora,บรรจุทรัพยากรอัปเกรดหลากหลายชนิด,Berisi berbagai sumber daya peningkatan,다양한 강화 자원 포함,تحتوي على موارد تطوير متنوعة,さまざまな強化素材が入っている,Содержит различные ресурсы для улучшения,Çeşitli geliştirme kaynakları içerir
ui_item_Pet_Egg_decs,Hatches into a pet that assists in battle,Nở ra thú cưng hỗ trợ chiến đấu,"Schlüpft zu einem Begleiter, der im Kampf hilft",Si schiude in un famiglio che aiuta in battaglia,Éclot en un familier qui aide au combat,孵化后获得可协助战斗的宠物,孵化後獲得可協助戰鬥的寵物,Choca e dá origem a uma mascote que ajuda em combate,Choca e concede um mascote que ajuda em combate,Eclosiona y otorga una mascota que ayuda en combate,Eclosiona y otorga una mascota que ayuda en combate,ฟักเป็นสัตว์เลี้ยงที่ช่วยต่อสู้,Menetas menjadi peliharaan yang membantu dalam pertempuran,부화하면 전투를 돕는 펫 획득,تفقس لتمنح حيوانًا أليفًا يساعد في القتال,孵化すると戦闘を支援するペットを獲得,"Из яйца вылупляется питомец, помогающий в бою",Açıldığında savaşta yardımcı olan bir evcil hayvan verir
ui_item_Pet_Upgrade_Food_decs,Used to upgrade pets,Dùng để nâng cấp thú cưng,Wird zum Verbessern von Begleitern verwendet,Usato per potenziare i famigli,Utilisée pour améliorer les familiers,用于升级宠物,用於升級寵物,Usado para melhorar mascotes,Usado para aprimorar mascotes,Se usa para mejorar mascotas,Se usa para mejorar mascotas,ใช้สำหรับอัปเกรดสัตว์เลี้ยง,Digunakan untuk meningkatkan peliharaan,펫 강화에 사용,تُستخدم لتطوير الحيوانات الأليفة,ペットの強化に使用,Используется для улучшения питомцев,Evcil hayvanları geliştirmek için kullanılır
ui_item_Relic_Fragment_decs,Used to unlock relics,Dùng để mở khóa thánh vật,Wird zum Freischalten von Relikten verwendet,Usato per sbloccare le reliquie,Utilisé pour débloquer les reliques,用于解锁圣物,用於解鎖聖物,Usado para desbloquear relíquias,Usado para desbloquear relíquias,Se usa para desbloquear reliquias,Se usa para desbloquear reliquias,ใช้สำหรับปลดล็อกวัตถุศักดิ์สิทธิ์,Digunakan untuk membuka relik,유물 해금에 사용,تُستخدم لفتح الآثار المقدسة,聖遺物の解放に使用,Используется для открытия реликвий,Kutsal emanetlerin kilidini açmak için kullanılır
ui_item_Relic_Upgrade_Stone_decs,Used to upgrade relics,Dùng để nâng cấp thánh vật,Wird zum Verbessern von Relikten verwendet,Usato per potenziare le reliquie,Utilisée pour améliorer les reliques,用于升级圣物,用於升級聖物,Usado para melhorar relíquias,Usado para aprimorar relíquias,Se usa para mejorar reliquias,Se usa para mejorar reliquias,ใช้สำหรับอัปเกรดวัตถุศักดิ์สิทธิ์,Digunakan untuk meningkatkan relik,유물 강화에 사용,تُستخدم لتطوير الآثار المقدسة,聖遺物の強化に使用,Используется для улучшения реликвий,Kutsal emanetleri geliştirmek için kullanılır
ui_item_Monster_Card_decs,Used to unlock passive bonuses,Dùng để mở khóa hiệu ứng nội tại,Wird zum Freischalten passiver Boni verwendet,Usata per sbloccare bonus passivi,Utilisée pour débloquer des bonus passifs,用于解锁被动加成,用於解鎖被動加成,Usada para desbloquear bónus passivos,Usada para desbloquear bônus passivos,Se usa para desbloquear bonificaciones pasivas,Se usa para desbloquear bonificaciones pasivas,ใช้สำหรับปลดล็อกโบนัสติดตัว,Digunakan untuk membuka bonus pasif,패시브 보너스 해금에 사용,تُستخدم لفتح المكافآت السلبية,パッシブボーナスの解放に使用,Используется для открытия пассивных бонусов,Pasif bonusların kilidini açmak için kullanılır
ui_item_Monster_Essence_decs,Used to upgrade Monster Cards,Dùng để nâng cấp Thẻ Quái Vật,Wird zum Verbessern von Monsterkarten verwendet,Usata per potenziare le Carte Mostro,Utilisée pour améliorer les Cartes de Monstre,用于升级怪物卡,用於升級怪物卡,Usada para melhorar Cartas de Monstro,Usada para aprimorar Cartas de Monstro,Se usa para mejorar Cartas de Monstruo,Se usa para mejorar Cartas de Monstruo,ใช้สำหรับอัปเกรดการ์ดมอนสเตอร์,Digunakan untuk meningkatkan Kartu Monster,몬스터 카드 강화에 사용,تُستخدم لتطوير بطاقات الوحوش,モンスターカードの強化に使用,Используется для улучшения карт монстров,Canavar Kartlarını geliştirmek için kullanılır
ui_item_Artifact_Fragment_decs,Used to unlock artifacts,Dùng để mở khóa cổ vật,Wird zum Freischalten von Artefakten verwendet,Usato per sbloccare gli artefatti,Utilisé pour débloquer les artéfacts,用于解锁神器,用於解鎖神器,Usado para desbloquear artefactos,Usado para desbloquear artefatos,Se usa para desbloquear artefactos,Se usa para desbloquear artefactos,ใช้สำหรับปลดล็อกอาร์ติแฟกต์,Digunakan untuk membuka artefak,아티팩트 해금에 사용,تُستخدم لفتح القطع الأثرية,アーティファクトの解放に使用,Используется для открытия артефактов,Artefaktların kilidini açmak için kullanılır
ui_item_Artifact_Upgrade_Core_decs,Used to upgrade artifacts,Dùng để nâng cấp cổ vật,Wird zum Verbessern von Artefakten verwendet,Usato per potenziare gli artefatti,Utilisée pour améliorer les artéfacts,用于升级神器,用於升級神器,Usado para melhorar artefactos,Usado para aprimorar artefatos,Se usa para mejorar artefactos,Se usa para mejorar artefactos,ใช้สำหรับอัปเกรดอาร์ติแฟกต์,Digunakan untuk meningkatkan artefak,아티팩트 강화에 사용,تُستخدم لتطوير القطع الأثرية,アーティファクトの強化に使用,Используется для улучшения артефактов,Artefaktları geliştirmek için kullanılır
ui_item_Resource_Coin_decs,Currency used in event leaderboards,Tiền tệ dùng trong bảng xếp hạng sự kiện,Währung für Event-Ranglisten,Valuta usata nelle classifiche degli eventi,Monnaie utilisée dans les classements d'événement,用于活动排行榜的货币,用於活動排行榜的貨幣,Moeda usada nas classificações de evento,Moeda usada nos rankings de evento,Moneda usada en las clasificaciones de eventos,Moneda usada en las clasificaciones de eventos,สกุลเงินที่ใช้ในอันดับกิจกรรม,Mata uang yang digunakan dalam peringkat event,이벤트 랭킹에서 사용하는 재화,عملة تُستخدم في تصنيفات الفعاليات,イベントランキングで使用する通貨,Валюта для рейтингов событий,Etkinlik sıralamalarında kullanılan para birimi
ui_item_Roulette_Ticket_decs,Used to spin the Lucky Wheel,Dùng để quay Vòng Quay May Mắn,Wird zum Drehen des Glücksrads verwendet,Usato per girare la Ruota della Fortuna,Utilisé pour faire tourner la Roue de la Fortune,用于转动幸运转盘,用於轉動幸運轉盤,Usado para girar a Roda da Sorte,Usado para girar a Roda da Sorte,Se usa para girar la Ruleta de la Suerte,Se usa para girar la Ruleta de la Suerte,ใช้สำหรับหมุนวงล้อโชคดี,Digunakan untuk memutar Roda Keberuntungan,행운의 룰렛을 돌릴 때 사용,تُستخدم لتدوير عجلة الحظ,幸運ルーレットを回す際に使用,Используется для вращения колеса удачи,Şans Çarkı'nı çevirmek için kullanılır
ui_item_Offline_Reward_Chest_decs,Contains idle rewards accumulated while offline,Chứa phần thưởng treo máy tích lũy khi ngoại tuyến,Enthält während der Abwesenheit angesammelte Belohnungen,Contiene ricompense accumulate mentre sei offline,Contient les récompenses inactives accumulées hors ligne,内含离线期间积累的挂机奖励,內含離線期間累積的掛機獎勵,Contém recompensas acumuladas enquanto estás offline,Contém recompensas acumuladas enquanto você está offline,Contiene recompensas acumuladas mientras estás desconectado,Contiene recompensas acumuladas mientras estás desconectado,บรรจุรางวัลออฟไลน์ที่สะสมระหว่างไม่ได้เข้าเกม,Berisi hadiah idle yang terkumpul saat offline,오프라인 동안 누적된 방치 보상 포함,يحتوي على مكافآت الخمول المتراكمة أثناء عدم الاتصال,オフライン中に蓄積された放置報酬が入っている,"Содержит награды, накопленные во время отсутствия",Çevrimdışıyken biriken boşta kalma ödüllerini içerir
ui_item_Quick_Loot_Ticket_decs,Used to instantly claim idle rewards,Dùng để nhận nhanh phần thưởng treo máy,Wird zum sofortigen Einsammeln von Abwesenheitsbelohnungen verwendet,Usato per riscuotere subito le ricompense inattive,Utilisé pour récupérer immédiatement les récompenses inactives,用于立即领取挂机奖励,用於立即領取掛機獎勵,Usado para recolher imediatamente recompensas inativas,Usado para coletar imediatamente recompensas inativas,Se usa para recoger inmediatamente las recompensas inactivas,Se usa para recoger inmediatamente las recompensas inactivas,ใช้สำหรับรับรางวัลออฟไลน์ทันที,Digunakan untuk langsung mengambil hadiah idle,방치 보상을 즉시 수령할 때 사용,تُستخدم لاستلام مكافآت الخمول فورًا,放置報酬を即座に受け取る際に使用,Используется для мгновенного получения наград за бездействие,Boşta kalma ödüllerini anında almak için kullanılır
ui_item_Awakening_Fruit_decs,Used to awaken heroes. Obtained from the Diamond Dungeon,"Dùng để thức tỉnh anh hùng, nhận từ Hầm Kim Cương",Wird zum Erwecken von Helden verwendet. Erhältlich im Diamant-Dungeon,Usato per risvegliare gli eroi. Ottenuto dal Dungeon dei Diamanti,Utilisé pour éveiller les héros. Obtenu dans le Donjon de Diamants,用于觉醒英雄，可从钻石地下城中获得,用於覺醒英雄，可從鑽石地下城中獲得,Usado para despertar heróis. Obtido na Masmorra de Diamantes,Usado para despertar heróis. Obtido na Masmorra de Diamantes,Se usa para despertar héroes. Se obtiene en la Mazmorra de Diamantes,Se usa para despertar héroes. Se obtiene en el Calabozo de Diamantes,ใช้สำหรับปลุกพลังฮีโร่ ได้รับจากดันเจี้ยนเพชร,Digunakan untuk awakening hero. Diperoleh dari Dungeon Berlian,영웅 각성에 사용하며 다이아 던전에서 획득,تُستخدم لإيقاظ الأبطال، ويمكن الحصول عليها من زنزانة الألماس,英雄の覚醒に使用。ダイヤダンジョンで獲得,Используется для пробуждения героев. Можно получить в Алмазном подземелье,Kahramanları uyandırmak için kullanılır. Elmas Zindanı'ndan elde edilir
ui_item_Weapon_Ore_decs,Used to upgrade weapons. Obtained from the Equipment Dungeon,"Dùng để nâng cấp vũ khí, nhận từ Hầm Trang Bị",Wird zum Verbessern von Waffen verwendet. Erhältlich im Ausrüstungs-Dungeon,Usato per potenziare le armi. Ottenuto dal Dungeon Equipaggiamento,Utilisé pour améliorer les armes. Obtenu dans le Donjon d'Équipement,用于升级武器，可从装备地下城中获得,用於升級武器，可從裝備地下城中獲得,Usado para melhorar armas. Obtido na Masmorra de Equipamento,Usado para aprimorar armas. Obtido na Masmorra de Equipamentos,Se usa para mejorar armas. Se obtiene en la Mazmorra de Equipo,Se usa para mejorar armas. Se obtiene en el Calabozo de Equipo,ใช้สำหรับอัปเกรดอาวุธ ได้รับจากดันเจี้ยนอุปกรณ์,Digunakan untuk meningkatkan senjata. Diperoleh dari Dungeon Perlengkapan,무기 강화에 사용하며 장비 던전에서 획득,تُستخدم لتطوير الأسلحة، ويمكن الحصول عليها من زنزانة المعدات,武器の強化に使用。装備ダンジョンで獲得,Используется для улучшения оружия. Можно получить в Подземелье снаряжения,Silahları geliştirmek için kullanılır. Ekipman Zindanı'ndan elde edilir
ui_item_Weapon_Gem_decs,Used to enhance weapons. Obtained from the Equipment Dungeon,"Dùng để cường hóa vũ khí, nhận từ Hầm Trang Bị",Wird zum Verstärken von Waffen verwendet. Erhältlich im Ausrüstungs-Dungeon,Usato per rafforzare le armi. Ottenuto dal Dungeon Equipaggiamento,Utilisé pour renforcer les armes. Obtenu dans le Donjon d'Équipement,用于强化武器，可从装备地下城中获得,用於強化武器，可從裝備地下城中獲得,Usado para fortalecer armas. Obtido na Masmorra de Equipamento,Usado para fortalecer armas. Obtido na Masmorra de Equipamentos,Se usa para reforzar armas. Se obtiene en la Mazmorra de Equipo,Se usa para reforzar armas. Se obtiene en el Calabozo de Equipo,ใช้สำหรับเสริมพลังอาวุธ ได้รับจากดันเจี้ยนอุปกรณ์,Digunakan untuk memperkuat senjata. Diperoleh dari Dungeon Perlengkapan,무기 성능 강화에 사용하며 장비 던전에서 획득,تُستخدم لتعزيز الأسلحة، ويمكن الحصول عليها من زنزانة المعدات,武器の性能強化に使用。装備ダンジョンで獲得,Используется для усиления оружия. Можно получить в Подземелье снаряжения,Silahları güçlendirmek için kullanılır. Ekipman Zindanı'ndan elde edilir
ui_item_Weapon_Essence_decs,Used for advanced weapon refinement. Obtained from the Equipment Dungeon,"Dùng để tinh luyện vũ khí cấp cao, nhận từ Hầm Trang Bị",Wird zur fortgeschrittenen Waffenveredelung verwendet. Erhältlich im Ausrüstungs-Dungeon,Usato per il raffinamento avanzato delle armi. Ottenuto dal Dungeon Equipaggiamento,Utilisé pour le raffinement avancé des armes. Obtenu dans le Donjon d'Équipement,用于高级武器精炼，可从装备地下城中获得,用於高級武器精煉，可從裝備地下城中獲得,Usado para refinamento avançado de armas. Obtido na Masmorra de Equipamento,Usado para refinamento avançado de armas. Obtido na Masmorra de Equipamentos,Se usa para el refinamiento avanzado de armas. Se obtiene en la Mazmorra de Equipo,Se usa para el refinamiento avanzado de armas. Se obtiene en el Calabozo de Equipo,ใช้สำหรับขัดเกลาอาวุธขั้นสูง ได้รับจากดันเจี้ยนอุปกรณ์,Digunakan untuk refinement senjata tingkat lanjut. Diperoleh dari Dungeon Perlengkapan,고급 무기 제련에 사용하며 장비 던전에서 획득,تُستخدم لصقل الأسلحة المتقدم، ويمكن الحصول عليها من زنزانة المعدات,上級武器精錬に使用。装備ダンジョンで獲得,Используется для продвинутой закалки оружия. Можно получить в Подземелье снаряжения,Gelişmiş silah arıtma için kullanılır. Ekipman Zindanı'ndan elde edilir
ui_item_Summon_Ticket_Skill_decs,Used to summon skills from the standard banner,Dùng để triệu hồi kỹ năng trong banner thường,Wird zur Fähigkeitsbeschwörung im Standardbanner verwendet,Usato per evocare abilità dal banner standard,Utilisé pour invoquer des compétences depuis la bannière standard,用于在常驻卡池中召唤技能,用於在常駐卡池中召喚技能,Usado para invocar habilidades no banner normal,Usado para invocar habilidades no banner padrão,Se usa para invocar habilidades en el banner estándar,Se usa para invocar habilidades en el banner estándar,ใช้สำหรับอัญเชิญสกิลจากแบนเนอร์ปกติ,Digunakan untuk summon skill dari banner standar,일반 배너에서 스킬을 소환할 때 사용,تُستخدم لاستدعاء المهارات من الراية العادية,通常召喚でスキルを召喚する際に使用,Используется для призыва навыков в стандартном баннере,Standart bannerda yetenek çağırmak için kullanılır
ui_item_Summon_Ticket_hero_banner_decs,Used to summon heroes from event banners,Dùng để triệu hồi anh hùng trong banner sự kiện,Wird zur Heldenbeschwörung in Eventbannern verwendet,Usato per evocare eroi dai banner evento,Utilisé pour invoquer des héros depuis les bannières d'événement,用于在活动卡池中召唤英雄,用於在活動卡池中召喚英雄,Usado para invocar heróis em banners de evento,Usado para invocar heróis em banners de evento,Se usa para invocar héroes en banners de evento,Se usa para invocar héroes en banners de evento,ใช้สำหรับอัญเชิญฮีโร่จากแบนเนอร์กิจกรรม,Digunakan untuk summon hero dari banner event,이벤트 배너에서 영웅을 소환할 때 사용,تُستخدم لاستدعاء الأبطال من رايات الفعاليات,イベント召喚で英雄を召喚する際に使用,Используется для призыва героев в событийных баннерах,Etkinlik bannerlarında kahraman çağırmak için kullanılır
ui_item_User_EXP_decs,Used to increase the player level,Dùng để tăng cấp người chơi,Wird zum Erhöhen der Spielerstufe verwendet,Usato per aumentare il livello del giocatore,Utilisée pour augmenter le niveau du joueur,用于提升玩家等级,用於提升玩家等級,Usado para aumentar o nível do jogador,Usado para aumentar o nível do jogador,Se usa para aumentar el nivel del jugador,Se usa para aumentar el nivel del jugador,ใช้สำหรับเพิ่มเลเวลผู้เล่น,Digunakan untuk meningkatkan level pemain,플레이어 레벨을 올릴 때 사용,تُستخدم لرفع مستوى اللاعب,プレイヤーのレベルアップに使用,Используется для повышения уровня игрока,Oyuncu seviyesini yükseltmek için kullanılır
ui_item_Lucky_Wheel_Ticket_Silver_decs,Used to spin the standard Lucky Wheel,Dùng để quay Vòng Quay May Mắn thường,Wird zum Drehen des normalen Glücksrads verwendet,Usato per girare la Ruota della Fortuna standard,Utilisé pour faire tourner la Roue de la Fortune standard,用于转动普通幸运转盘,用於轉動普通幸運轉盤,Usado para girar a Roda da Sorte normal,Usado para girar a Roda da Sorte padrão,Se usa para girar la Ruleta de la Suerte estándar,Se usa para girar la Ruleta de la Suerte estándar,ใช้สำหรับหมุนวงล้อโชคดีทั่วไป,Digunakan untuk memutar Roda Keberuntungan standar,일반 행운의 룰렛을 돌릴 때 사용,تُستخدم لتدوير عجلة الحظ العادية,通常の幸運ルーレットを回す際に使用,Используется для вращения обычного колеса удачи,Standart Şans Çarkı'nı çevirmek için kullanılır
ui_item_Lucky_Wheel_Ticket_Gold_decs,Used to spin the premium Lucky Wheel,Dùng để quay Vòng Quay May Mắn cao cấp,Wird zum Drehen des Premium-Glücksrads verwendet,Usato per girare la Ruota della Fortuna premium,Utilisé pour faire tourner la Roue de la Fortune premium,用于转动高级幸运转盘,用於轉動高級幸運轉盤,Usado para girar a Roda da Sorte premium,Usado para girar a Roda da Sorte premium,Se usa para girar la Ruleta de la Suerte premium,Se usa para girar la Ruleta de la Suerte premium,ใช้สำหรับหมุนวงล้อโชคดีพรีเมียม,Digunakan untuk memutar Roda Keberuntungan premium,프리미엄 행운의 룰렛을 돌릴 때 사용,تُستخدم لتدوير عجلة الحظ المميزة,プレミアム幸運ルーレットを回す際に使用,Используется для вращения премиального колеса удачи,Premium Şans Çarkı'nı çevirmek için kullanılır
ui_item_Lucky_Wheel_Point_decs,Used to exchange rewards in the Lucky Wheel Shop,Dùng để đổi thưởng trong Cửa Hàng Vòng Quay,Wird zum Eintauschen von Belohnungen im Glücksrad-Shop verwendet,Usato per scambiare ricompense nel Negozio della Ruota,Utilisé pour échanger des récompenses dans la Boutique de la Roue,用于在幸运转盘商店中兑换奖励,用於在幸運轉盤商店中兌換獎勵,Usado para trocar recompensas na Loja da Roda,Usado para trocar recompensas na Loja da Roda,Se usa para canjear recompensas en la Tienda de la Ruleta,Se usa para canjear recompensas en la Tienda de la Ruleta,ใช้สำหรับแลกรางวัลในร้านค้าวงล้อ,Digunakan untuk menukar hadiah di Toko Roda,룰렛 상점에서 보상을 교환할 때 사용,تُستخدم لاستبدال المكافآت في متجر عجلة الحظ,ルーレットショップで報酬交換に使用,Используется для обмена наград в магазине колеса удачи,Şans Çarkı Mağazası'nda ödül takası için kullanılır
ui_item_random_heroes_legend_decs,Open to receive a random hero,Mở ra nhận một anh hùng ngẫu nhiên,"Öffnen, um einen zufälligen Helden zu erhalten",Apri per ricevere un eroe casuale,Ouvrez pour recevoir un héros aléatoire,开启后获得一名随机英雄,開啟後獲得一名隨機英雄,Abre para receber um herói aleatório,Abra para receber um herói aleatório,Ábrelo para recibir un héroe aleatorio,Ábrelo para recibir un héroe al azar,เปิดเพื่อรับฮีโร่แบบสุ่ม,Buka untuk mendapatkan hero acak,개봉 시 무작위 영웅 획득,افتحه للحصول على بطل عشوائي,開封するとランダムな英雄を獲得,"Откройте, чтобы получить случайного героя",Açarak rastgele bir kahraman kazan
ui_item_random_gear_ss_decs,Open to receive a random piece of equipment,Mở ra nhận một trang bị ngẫu nhiên,"Öffnen, um einen zufälligen Ausrüstungsgegenstand zu erhalten",Apri per ricevere un equipaggiamento casuale,Ouvrez pour recevoir une pièce d'équipement aléatoire,开启后获得一件随机装备,開啟後獲得一件隨機裝備,Abre para receber uma peça de equipamento aleatória,Abra para receber um equipamento aleatório,Ábrelo para recibir una pieza de equipo aleatoria,Ábrelo para recibir una pieza de equipo al azar,เปิดเพื่อรับอุปกรณ์แบบสุ่ม,Buka untuk mendapatkan perlengkapan acak,개봉 시 무작위 장비 획득,افتحه للحصول على قطعة معدات عشوائية,開封するとランダムな装備を獲得,"Откройте, чтобы получить случайный предмет снаряжения",Açarak rastgele bir ekipman kazan
ui_item_random_skill_ss_decs,Open to receive a random skill,Mở ra nhận một kỹ năng ngẫu nhiên,"Öffnen, um eine zufällige Fähigkeit zu erhalten",Apri per ricevere un'abilità casuale,Ouvrez pour recevoir une compétence aléatoire,开启后获得一个随机技能,開啟後獲得一個隨機技能,Abre para receber uma habilidade aleatória,Abra para receber uma habilidade aleatória,Ábrelo para recibir una habilidad aleatoria,Ábrelo para recibir una habilidad al azar,เปิดเพื่อรับสกิลแบบสุ่ม,Buka untuk mendapatkan skill acak,개봉 시 무작위 스킬 획득,افتحه للحصول على مهارة عشوائية,開封するとランダムなスキルを獲得,"Откройте, чтобы получить случайный навык",Açarak rastgele bir yetenek kazan
ui_event_pack_wheel_1,Free Pack,Gói Miễn Phí,Gratispaket,Pacchetto Gratuito,Pack Gratuit,免费礼包,免費禮包,Pacote Grátis,Pacote Grátis,Pack Gratis,Paquete Gratis,แพ็กฟรี,Paket Gratis,무료 패키지,حزمة مجانية,無料パック,Бесплатный набор,Ücretsiz Paket
ui_event_pack_wheel_2,Small Silver Ticket Pack,Gói Vé Bạc Nhỏ,Kleines Silberticket-Paket,Pacchetto Piccolo Biglietti d'Argento,Petit Pack de Tickets Argentés,小型白银券礼包,小型白銀券禮包,Pacote Pequeno de Bilhetes de Prata,Pacote Pequeno de Bilhetes Prateados,Pack Pequeño de Tickets Plateados,Paquete Pequeño de Boletos Plateados,แพ็กตั๋วเงินขนาดเล็ก,Paket Kecil Tiket Perak,소형 실버 티켓 패키지,حزمة تذاكر فضية صغيرة,小型シルバーチケットパック,Малый набор серебряных билетов,Küçük Gümüş Bilet Paketi
ui_event_pack_wheel_3,Large Silver Ticket Pack,Gói Vé Bạc Lớn,Großes Silberticket-Paket,Pacchetto Grande Biglietti d'Argento,Grand Pack de Tickets Argentés,大型白银券礼包,大型白銀券禮包,Pacote Grande de Bilhetes de Prata,Pacote Grande de Bilhetes Prateados,Pack Grande de Tickets Plateados,Paquete Grande de Boletos Plateados,แพ็กตั๋วเงินขนาดใหญ่,Paket Besar Tiket Perak,대형 실버 티켓 패키지,حزمة تذاكر فضية كبيرة,大型シルバーチケットパック,Большой набор серебряных билетов,Büyük Gümüş Bilet Paketi
ui_event_pack_wheel_4,Small Gold Ticket Pack,Gói Vé Vàng Nhỏ,Kleines Goldticket-Paket,Pacchetto Piccolo Biglietti d'Oro,Petit Pack de Tickets Dorés,小型黄金券礼包,小型黃金券禮包,Pacote Pequeno de Bilhetes de Ouro,Pacote Pequeno de Bilhetes Dourados,Pack Pequeño de Tickets Dorados,Paquete Pequeño de Boletos Dorados,แพ็กตั๋วทองขนาดเล็ก,Paket Kecil Tiket Emas,소형 골드 티켓 패키지,حزمة تذاكر ذهبية صغيرة,小型ゴールドチケットパック,Малый набор золотых билетов,Küçük Altın Bilet Paketi
ui_event_pack_wheel_5,Large Gold Ticket Pack,Gói Vé Vàng Lớn,Großes Goldticket-Paket,Pacchetto Grande Biglietti d'Oro,Grand Pack de Tickets Dorés,大型黄金券礼包,大型黃金券禮包,Pacote Grande de Bilhetes de Ouro,Pacote Grande de Bilhetes Dourados,Pack Grande de Tickets Dorados,Paquete Grande de Boletos Dorados,แพ็กตั๋วทองขนาดใหญ่,Paket Besar Tiket Emas,대형 골드 티켓 패키지,حزمة تذاكر ذهبية كبيرة,大型ゴールドチケットパック,Большой набор золотых билетов,Büyük Altın Bilet Paketi
ui_event_pack_wheel_6,Small Lucky Points Pack,Gói Điểm May Mắn Nhỏ,Kleines Glückspunkte-Paket,Pacchetto Piccolo Punti Fortuna,Petit Pack de Points de Chance,小型幸运积分礼包,小型幸運積分禮包,Pacote Pequeno de Pontos de Sorte,Pacote Pequeno de Pontos da Sorte,Pack Pequeño de Puntos de Suerte,Paquete Pequeño de Puntos de Suerte,แพ็กแต้มโชคดีขนาดเล็ก,Paket Kecil Poin Keberuntungan,소형 행운 포인트 패키지,حزمة نقاط حظ صغيرة,小型幸運ポイントパック,Малый набор очков удачи,Küçük Şans Puanı Paketi
ui_event_pack_wheel_7,Large Lucky Points Pack,Gói Điểm May Mắn Lớn,Großes Glückspunkte-Paket,Pacchetto Grande Punti Fortuna,Grand Pack de Points de Chance,大型幸运积分礼包,大型幸運積分禮包,Pacote Grande de Pontos de Sorte,Pacote Grande de Pontos da Sorte,Pack Grande de Puntos de Suerte,Paquete Grande de Puntos de Suerte,แพ็กแต้มโชคดีขนาดใหญ่,Paket Besar Poin Keberuntungan,대형 행운 포인트 패키지,حزمة نقاط حظ كبيرة,大型幸運ポイントパック,Большой набор очков удачи,Büyük Şans Puanı Paketi
ui_event_pack_wheel_8,Lucky Wheel Combo,Combo Vòng Quay,Glücksrad-Kombipaket,Combo Ruota della Fortuna,Combo Roue de la Fortune,幸运转盘组合礼包,幸運轉盤組合禮包,Combo da Roda da Sorte,Combo da Roda da Sorte,Combo de la Ruleta de la Suerte,Combo de la Ruleta de la Suerte,คอมโบวงล้อโชคดี,Kombo Roda Keberuntungan,행운의 룰렛 콤보,حزمة عجلة الحظ,幸運ルーレットコンボ,Комбо колеса удачи,Şans Çarkı Kombosu
ui_event_pack_bl_1,Lucky Wheel All-In Combo,Combo Tất Tay Vòng Quay,Glücksrad-All-in-Kombipaket,Combo All-In Ruota della Fortuna,Combo Tout-Miser Roue de la Fortune,幸运转盘豪华组合礼包,幸運轉盤豪華組合禮包,Combo Tudo ou Nada da Roda da Sorte,Combo Tudo ou Nada da Roda da Sorte,Combo Todo o Nada de la Ruleta,Combo Todo o Nada de la Ruleta,คอมโบทุ่มสุดตัววงล้อโชคดี,Kombo All-In Roda Keberuntungan,행운의 룰렛 올인 콤보,حزمة كل شيء لعجلة الحظ,幸運ルーレット全賭けコンボ,Комбо «Всё или ничего»,Şans Çarkı Her Şey Dahil Kombosu
ui_event_pack_bl_2,Frost Dragon Pack $0.99,Gói Băng Long 25.000₫,"Frostdrachen-Paket 0,99 €","Pacchetto Drago Gelido 0,99 €","Pack Dragon de Givre 0,99 €",冰龙礼包 ¥6,冰龍禮包 NT$30,"Pacote Dragão de Gelo 0,99 €","Pacote Dragão de Gelo R$ 4,90","Pack Dragón de Hielo 0,99 €",Paquete Dragón de Hielo MX$19,แพ็กมังกรน้ำแข็ง ฿35,Paket Naga Es Rp15.000,"빙룡 패키지 ₩1,500",حزمة التنين الجليدي 3.99 ر.س,氷竜パック ¥160,Набор Ледяного Дракона 99 ₽,"Buz Ejderhası Paketi ₺39,99"
ui_event_pack_bl_3,Frost Dragon Pack $1.99,Gói Băng Long 49.000₫,"Frostdrachen-Paket 1,99 €","Pacchetto Drago Gelido 1,99 €","Pack Dragon de Givre 1,99 €",冰龙礼包 ¥12,冰龍禮包 NT$60,"Pacote Dragão de Gelo 1,99 €","Pacote Dragão de Gelo R$ 9,90","Pack Dragón de Hielo 1,99 €",Paquete Dragón de Hielo MX$39,แพ็กมังกรน้ำแข็ง ฿70,Paket Naga Es Rp30.000,"빙룡 패키지 ₩3,000",حزمة التنين الجليدي 7.99 ر.س,氷竜パック ¥320,Набор Ледяного Дракона 199 ₽,"Buz Ejderhası Paketi ₺79,99"
ui_event_pack_bl_4,Frost Dragon Pack $2.99,Gói Băng Long 69.000₫,"Frostdrachen-Paket 2,99 €","Pacchetto Drago Gelido 2,99 €","Pack Dragon de Givre 2,99 €",冰龙礼包 ¥18,冰龍禮包 NT$90,"Pacote Dragão de Gelo 2,99 €","Pacote Dragão de Gelo R$ 14,90","Pack Dragón de Hielo 2,99 €",Paquete Dragón de Hielo MX$59,แพ็กมังกรน้ำแข็ง ฿110,Paket Naga Es Rp45.000,"빙룡 패키지 ₩4,400",حزمة التنين الجليدي 11.99 ر.س,氷竜パック ¥480,Набор Ледяного Дракона 299 ₽,"Buz Ejderhası Paketi ₺119,99"
ui_event_pack_bl_5,Frost Dragon Pack $4.99,Gói Băng Long 119.000₫,"Frostdrachen-Paket 4,99 €","Pacchetto Drago Gelido 4,99 €","Pack Dragon de Givre 4,99 €",冰龙礼包 ¥30,冰龍禮包 NT$150,"Pacote Dragão de Gelo 4,99 €","Pacote Dragão de Gelo R$ 24,90","Pack Dragón de Hielo 4,99 €",Paquete Dragón de Hielo MX$99,แพ็กมังกรน้ำแข็ง ฿179,Paket Naga Es Rp79.000,"빙룡 패키지 ₩7,500",حزمة التنين الجليدي 18.99 ر.س,氷竜パック ¥800,Набор Ледяного Дракона 499 ₽,"Buz Ejderhası Paketi ₺199,99"
ui_event_pack_bl_6,Frost Dragon Pack $9.99,Gói Băng Long 239.000₫,"Frostdrachen-Paket 9,99 €","Pacchetto Drago Gelido 9,99 €","Pack Dragon de Givre 9,99 €",冰龙礼包 ¥68,冰龍禮包 NT$300,"Pacote Dragão de Gelo 9,99 €","Pacote Dragão de Gelo R$ 49,90","Pack Dragón de Hielo 9,99 €",Paquete Dragón de Hielo MX$199,แพ็กมังกรน้ำแข็ง ฿349,Paket Naga Es Rp159.000,"빙룡 패키지 ₩15,000",حزمة التنين الجليدي 37.99 ر.س,"氷竜パック ¥1,600",Набор Ледяного Дракона 999 ₽,"Buz Ejderhası Paketi ₺399,99"
ui_event_pack_bl_7,Frost Dragon Pack $19.99,Gói Băng Long 469.000₫,"Frostdrachen-Paket 19,99 €","Pacchetto Drago Gelido 19,99 €","Pack Dragon de Givre 19,99 €",冰龙礼包 ¥128,冰龍禮包 NT$590,"Pacote Dragão de Gelo 19,99 €","Pacote Dragão de Gelo R$ 99,90","Pack Dragón de Hielo 19,99 €",Paquete Dragón de Hielo MX$399,แพ็กมังกรน้ำแข็ง ฿699,Paket Naga Es Rp319.000,"빙룡 패키지 ₩30,000",حزمة التنين الجليدي 74.99 ر.س,"氷竜パック ¥3,200",Набор Ледяного Дракона 1 999 ₽,"Buz Ejderhası Paketi ₺799,99"
ui_event_pack_bl_8,Frost Dragon Pack $29.99,Gói Băng Long 689.000₫,"Frostdrachen-Paket 29,99 €","Pacchetto Drago Gelido 29,99 €","Pack Dragon de Givre 29,99 €",冰龙礼包 ¥198,冰龍禮包 NT$890,"Pacote Dragão de Gelo 29,99 €","Pacote Dragão de Gelo R$ 149,90","Pack Dragón de Hielo 29,99 €",Paquete Dragón de Hielo MX$599,"แพ็กมังกรน้ำแข็ง ฿1,050",Paket Naga Es Rp479.000,"빙룡 패키지 ₩45,000",حزمة التنين الجليدي 112.99 ر.س,"氷竜パック ¥4,800",Набор Ледяного Дракона 2 999 ₽,"Buz Ejderhası Paketi ₺1.199,99"
ui_event_pack_bl_9,Frost Dragon Pack $49.99 - Bonus Hero,Gói Băng Long 1.190.000₫ - Tặng Anh Hùng,"Frostdrachen-Paket 49,99 € – Bonusheld","Pacchetto Drago Gelido 49,99 € - Eroe Bonus","Pack Dragon de Givre 49,99 € - Héros Bonus",冰龙礼包 ¥328 - 赠送英雄,"冰龍禮包 NT$1,490 - 贈送英雄","Pacote Dragão de Gelo 49,99 € - Herói Bónus","Pacote Dragão de Gelo R$ 249,90 - Herói Bônus","Pack Dragón de Hielo 49,99 € - Héroe Adicional",Paquete Dragón de Hielo MX$999 - Héroe Adicional,"แพ็กมังกรน้ำแข็ง ฿1,750 - แถมฮีโร่",Paket Naga Es Rp799.000 - Bonus Hero,"빙룡 패키지 ₩75,000 - 영웅 보너스",حزمة التنين الجليدي 187.99 ر.س - بطل إضافي,"氷竜パック ¥8,000 - 英雄ボーナス",Набор Ледяного Дракона 4 999 ₽ — бонусный герой,"Buz Ejderhası Paketi ₺1.999,99 - Bonus Kahraman"
ui_event_pack_bl_10,Day 1 Check-In Pack,Gói Check-in Ngày 1,Check-in-Paket Tag 1,Pacchetto Check-in Giorno 1,Pack de Connexion Jour 1,第1天签到礼包,第1天簽到禮包,Pacote de Login do Dia 1,Pacote de Login do Dia 1,Pack de Inicio de Sesión Día 1,Paquete de Inicio de Sesión Día 1,แพ็กเช็กอินวันที่ 1,Paket Login Hari 1,1일 차 출석 패키지,حزمة تسجيل الدخول لليوم 1,1日目ログインパック,"Набор за вход, день 1",Gün Giriş Paketi
ui_event_pack_bl_11,Day 2 Check-In Pack,Gói Check-in Ngày 2,Check-in-Paket Tag 2,Pacchetto Check-in Giorno 2,Pack de Connexion Jour 2,第2天签到礼包,第2天簽到禮包,Pacote de Login do Dia 2,Pacote de Login do Dia 2,Pack de Inicio de Sesión Día 2,Paquete de Inicio de Sesión Día 2,แพ็กเช็กอินวันที่ 2,Paket Login Hari 2,2일 차 출석 패키지,حزمة تسجيل الدخول لليوم 2,2日目ログインパック,"Набор за вход, день 2",Gün Giriş Paketi
ui_event_pack_bl_12,Day 3 Check-In Pack,Gói Check-in Ngày 3,Check-in-Paket Tag 3,Pacchetto Check-in Giorno 3,Pack de Connexion Jour 3,第3天签到礼包,第3天簽到禮包,Pacote de Login do Dia 3,Pacote de Login do Dia 3,Pack de Inicio de Sesión Día 3,Paquete de Inicio de Sesión Día 3,แพ็กเช็กอินวันที่ 3,Paket Login Hari 3,3일 차 출석 패키지,حزمة تسجيل الدخول لليوم 3,3日目ログインパック,"Набор за вход, день 3",Gün Giriş Paketi
ui_event_pack_bl_13,Day 4 Check-In Pack,Gói Check-in Ngày 4,Check-in-Paket Tag 4,Pacchetto Check-in Giorno 4,Pack de Connexion Jour 4,第4天签到礼包,第4天簽到禮包,Pacote de Login do Dia 4,Pacote de Login do Dia 4,Pack de Inicio de Sesión Día 4,Paquete de Inicio de Sesión Día 4,แพ็กเช็กอินวันที่ 4,Paket Login Hari 4,4일 차 출석 패키지,حزمة تسجيل الدخول لليوم 4,4日目ログインパック,"Набор за вход, день 4",Gün Giriş Paketi
ui_event_pack_bl_14,Day 5 Check-In Pack,Gói Check-in Ngày 5,Check-in-Paket Tag 5,Pacchetto Check-in Giorno 5,Pack de Connexion Jour 5,第5天签到礼包,第5天簽到禮包,Pacote de Login do Dia 5,Pacote de Login do Dia 5,Pack de Inicio de Sesión Día 5,Paquete de Inicio de Sesión Día 5,แพ็กเช็กอินวันที่ 5,Paket Login Hari 5,5일 차 출석 패키지,حزمة تسجيل الدخول لليوم 5,5日目ログインパック,"Набор за вход, день 5",Gün Giriş Paketi
ui_event_pack_bl_15,Day 6 Check-In Pack,Gói Check-in Ngày 6,Check-in-Paket Tag 6,Pacchetto Check-in Giorno 6,Pack de Connexion Jour 6,第6天签到礼包,第6天簽到禮包,Pacote de Login do Dia 6,Pacote de Login do Dia 6,Pack de Inicio de Sesión Día 6,Paquete de Inicio de Sesión Día 6,แพ็กเช็กอินวันที่ 6,Paket Login Hari 6,6일 차 출석 패키지,حزمة تسجيل الدخول لليوم 6,6日目ログインパック,"Набор за вход, день 6",Gün Giriş Paketi
ui_event_pack_bl_16,Day 7 Check-In Pack,Gói Check-in Ngày 7,Check-in-Paket Tag 7,Pacchetto Check-in Giorno 7,Pack de Connexion Jour 7,第7天签到礼包,第7天簽到禮包,Pacote de Login do Dia 7,Pacote de Login do Dia 7,Pack de Inicio de Sesión Día 7,Paquete de Inicio de Sesión Día 7,แพ็กเช็กอินวันที่ 7,Paket Login Hari 7,7일 차 출석 패키지,حزمة تسجيل الدخول لليوم 7,7日目ログインパック,"Набор за вход, день 7",Gün Giriş Paketi
ui_HP,HP,HP,LP,PV,PV,生命,生命,PV,PV,PS,PV,HP,HP,HP,نقاط الصحة,HP,ОЗ,Can
ui_ATK,ATK,Tấn Công,ANG,ATT,ATQ,攻击,攻擊,ATQ,ATQ,ATQ,ATQ,พลังโจมตี,ATK,공격력,الهجوم,攻撃力,АТК,Saldırı
ui_DEF,DEF,Phòng Thủ,VER,DIF,DÉF,防御,防禦,DEF,DEF,DEF,DEF,พลังป้องกัน,DEF,방어력,الدفاع,防御力,ЗАЩ,Savunma
ui_SPD,SPD,Tốc Độ,GES,VEL,VIT,速度,速度,VEL,VEL,VEL,VEL,ความเร็ว,SPD,속도,السرعة,速度,СКР,Hız
ui_HP_PCT,HP %,HP %,LP %,PV %,PV %,生命 %,生命 %,PV %,PV %,PS %,PV %,HP %,HP %,HP %,نقاط الصحة %,HP %,ОЗ %,Can %
ui_ATK_PCT,ATK %,Tấn Công %,ANG %,ATT %,ATQ %,攻击 %,攻擊 %,ATQ %,ATQ %,ATQ %,ATQ %,พลังโจมตี %,ATK %,공격력 %,الهجوم %,攻撃力 %,АТК %,Saldırı %
ui_DEF_PCT,DEF %,Phòng Thủ %,VER %,DIF %,DÉF %,防御 %,防禦 %,DEF %,DEF %,DEF %,DEF %,พลังป้องกัน %,DEF %,방어력 %,الدفاع %,防御力 %,ЗАЩ %,Savunma %
ui_SPD_PCT,SPD %,Tốc Độ %,GES %,VEL %,VIT %,速度 %,速度 %,VEL %,VEL %,VEL %,VEL %,ความเร็ว %,SPD %,속도 %,السرعة %,速度 %,СКР %,Hız %
ui_CRIT_RATE,Crit Rate,Tỷ Lệ Bạo Kích,Krit-Rate,Prob. Critico,Taux Critique,暴击率,暴擊率,Taxa Crítica,Taxa Crítica,Prob. Crítico,Prob. Crítico,อัตราคริติคอล,Crit Rate,치명타 확률,معدل الضربة الحرجة,会心率,Шанс крита,Kritik Oranı
ui_CRIT_DMG,Crit DMG,Sát Thương Bạo Kích,Krit-Schaden,Danno Critico,Dégâts Critiques,暴击伤害,暴擊傷害,Dano Crítico,Dano Crítico,Daño Crítico,Daño Crítico,ความเสียหายคริติคอล,Crit DMG,치명타 피해,ضرر الضربة الحرجة,会心ダメージ,Критический урон,Kritik Hasar
ui_ACC,Accuracy,Chính Xác,Präzision,Precisione,Précision,命中,命中,Precisão,Precisão,Precisión,Precisión,ความแม่นยำ,Akurasi,명중,الدقة,命中,Точность,İsabet
ui_EVA,Evasion,Né Tránh,Ausweichen,Elusione,Esquive,闪避,閃避,Esquiva,Esquiva,Evasión,Evasión,การหลบหลีก,Evasion,회피,المراوغة,回避,Уклонение,Kaçınma
ui_DMG_BONUS,DMG Bonus,Tăng Sát Thương,Schadensbonus,Bonus Danno,Bonus de Dégâts,伤害加成,傷害加成,Bónus de Dano,Bônus de Dano,Bonificación de Daño,Bono de Daño,โบนัสความเสียหาย,Bonus DMG,피해량 증가,زيادة الضرر,ダメージ増加,Бонус урона,Hasar Bonusu
ui_BASIC_DMG_BONUS,Basic Attack DMG Bonus,Tăng Sát Thương Đánh Thường,Standardschaden-Bonus,Bonus Danno Attacco Base,Bonus de Dégâts d'Attaque Normale,普攻伤害加成,普攻傷害加成,Bónus de Dano de Ataque Básico,Bônus de Dano de Ataque Básico,Bonificación de Daño de Ataque Básico,Bono de Daño de Ataque Básico,โบนัสความเสียหายโจมตีปกติ,Bonus DMG Serangan Dasar,기본 공격 피해량 증가,زيادة ضرر الهجوم الأساسي,通常攻撃ダメージ増加,Бонус урона обычной атаки,Temel Saldırı Hasar Bonusu
ui_SKILL_DMG_BONUS,Skill DMG Bonus,Tăng Sát Thương Kỹ Năng,Fähigkeitsschaden-Bonus,Bonus Danno Abilità,Bonus de Dégâts de Compétence,技能伤害加成,技能傷害加成,Bónus de Dano de Habilidade,Bônus de Dano de Habilidade,Bonificación de Daño de Habilidad,Bono de Daño de Habilidad,โบนัสความเสียหายสกิล,Bonus DMG Skill,스킬 피해량 증가,زيادة ضرر المهارة,スキルダメージ増加,Бонус урона навыка,Yetenek Hasarı Bonusu
ui_FINAL_DMG_BONUS,Final DMG Bonus,Tăng Sát Thương Cuối,Endschaden-Bonus,Bonus Danno Finale,Bonus de Dégâts Finaux,最终伤害加成,最終傷害加成,Bónus de Dano Final,Bônus de Dano Final,Bonificación de Daño Final,Bono de Daño Final,โบนัสความเสียหายสุดท้าย,Bonus DMG Akhir,최종 피해량 증가,زيادة الضرر النهائي,最終ダメージ増加,Бонус итогового урона,Nihai Hasar Bonusu
pack_gem,Diamonds,Kim Cương,Diamanten,Diamanti,Diamants,钻石,鑽石,Diamantes,Diamantes,Diamantes,Diamantes,เพชร,Berlian,다이아,الألماس,ダイヤ,Алмазы,Elmas
monthly_tab,Monthly Pass,Thẻ Tháng,Monatspass,Pass Mensile,Pass Mensuel,月卡,月卡,Passe Mensal,Passe Mensal,Pase Mensual,Pase Mensual,บัตรรายเดือน,Pass Bulanan,월간 패스,البطاقة الشهرية,月間パス,Месячный пропуск,Aylık Bilet
reputation_tab,Prestige,Danh Vọng,Ansehen,Prestigio,Prestige,声望,聲望,Prestígio,Prestígio,Prestigio,Prestigio,ชื่อเสียง,Prestise,명성,الهيبة,名声,Престиж,Prestij
special_tab,Special Offers,Ưu Đãi,Sonderangebote,Offerte Speciali,Offres Spéciales,特惠,特惠,Ofertas Especiais,Ofertas Especiais,Ofertas Especiales,Ofertas Especiales,ข้อเสนอพิเศษ,Penawaran Spesial,특별 혜택,العروض الخاصة,特別オファー,Особые предложения,Özel Teklifler
even_tab,Events,Sự Kiện,Events,Eventi,Événements,活动,活動,Eventos,Eventos,Eventos,Eventos,กิจกรรม,Event,이벤트,الفعاليات,イベント,События,Etkinlikler
ui_summon,Summon,Triệu Hồi,Beschwören,Evocazione,Invocation,召唤,召喚,Invocação,Invocação,Invocación,Invocación,อัญเชิญ,Summon,소환,الاستدعاء,召喚,Призыв,Çağırma
ui_character,Heroes,Nhân Vật,Helden,Eroi,Héros,英雄,英雄,Heróis,Heróis,Héroes,Héroes,ฮีโร่,Hero,영웅,الأبطال,英雄,Герои,Kahramanlar
ui_upgrade,Upgrade,Nâng Cấp,Verbessern,Potenziamento,Amélioration,强化,強化,Melhorar,Aprimorar,Mejorar,Mejorar,อัปเกรด,Upgrade,강화,التطوير,強化,Улучшение,Geliştirme
ui_mission,Quests,Nhiệm Vụ,Aufgaben,Missioni,Quêtes,任务,任務,Missões,Missões,Misiones,Misiones,ภารกิจ,Misi,퀘스트,المهام,任務,Задания,Görevler
ui_equip,Equipment,Trang Bị,Ausrüstung,Equipaggiamento,Équipement,装备,裝備,Equipamento,Equipamentos,Equipo,Equipo,อุปกรณ์,Perlengkapan,장비,المعدات,装備,Снаряжение,Ekipman
ui_dungeon,Dungeons,Phó Bản,Dungeons,Dungeon,Donjons,副本,副本,Masmorras,Masmorras,Mazmorras,Calabozos,ดันเจี้ยน,Dungeon,던전,الزنزانات,ダンジョン,Подземелья,Zindanlar
ui_auto,Auto Battle,Tự Động Đánh,Auto-Kampf,Battaglia Automatica,Combat Automatique,自动战斗,自動戰鬥,Combate Automático,Batalha Automática,Combate Automático,Combate Automático,ต่อสู้อัตโนมัติ,Pertarungan Otomatis,자동 전투,القتال التلقائي,自動戦闘,Автобой,Otomatik Savaş
ui_auto_ulti,Auto Ultimate,Chiêu Cuối Tự Động,Auto-Ultimativ,Ultimate Automatica,Ultime Automatique,自动终极技能,自動終極技能,Ultimate Automático,Ultimate Automático,Definitiva Automática,Definitiva Automática,ใช้อัลติอัตโนมัติ,Ultimate Otomatis,궁극기 자동 사용,المهارة النهائية التلقائية,必殺技自動発動,Автоультимейт,Otomatik Ulti
ui_bag,Inventory,Túi Đồ,Inventar,Inventario,Inventaire,背包,背包,Inventário,Inventário,Inventario,Inventario,กระเป๋า,Inventaris,가방,الحقيبة,バッグ,Инвентарь,Envanter
ui_move,Move,Di Chuyển,Bewegen,Spostamento,Déplacement,移动,移動,Mover,Mover,Mover,Mover,เคลื่อนที่,Bergerak,이동,التحرك,移動,Перемещение,Hareket
ui_boss,Boss,Trùm,Boss,Boss,Boss,首领,首領,Chefe,Chefe,Jefe,Jefe,บอส,Bos,보스,الزعيم,ボス,Босс,Boss
ui_setting,Settings,Cài Đặt,Einstellungen,Impostazioni,Paramètres,设置,設定,Definições,Configurações,Ajustes,Configuración,ตั้งค่า,Pengaturan,설정,الإعدادات,設定,Настройки,Ayarlar
ui_event,Events,Sự Kiện,Events,Eventi,Événements,活动,活動,Eventos,Eventos,Eventos,Eventos,กิจกรรม,Event,이벤트,الفعاليات,イベント,События,Etkinlikler
ui_store,Shop,Cửa Hàng,Shop,Negozio,Boutique,商店,商店,Loja,Loja,Tienda,Tienda,ร้านค้า,Toko,상점,المتجر,ショップ,Магазин,Mağaza
ui_ranking,Rankings,Xếp Hạng,Rangliste,Classifica,Classement,排行榜,排行榜,Classificação,Ranking,Clasificación,Ranking,อันดับ,Peringkat,랭킹,التصنيف,ランキング,Рейтинг,Sıralama
ui_rewards_summon,Summon Level Milestone Rewards,Thưởng Mốc Cấp Triệu hồi,Beschwörungsstufen-Belohnungen,Ricompense Livello Evocazione,Récompenses de Niveau d'Invocation,召唤等级奖励,召喚等級獎勵,Recompensas de Nível de Invocação,Recompensas de Nível de Invocação,Recompensas de Nivel de Invocación,Recompensas de Nivel de Invocación,รางวัลตามเลเวลอัญเชิญ,Hadiah Level Summon,소환 레벨 달성 보상,مكافآت مستوى الاستدعاء,召喚レベル達成報酬,Награды за Уровень Призыва,Çağırma Seviyesi Ödülleri
ui_summon_character,Heroes,Nhân Vật,Helden,Eroi,Héros,英雄,英雄,Heróis,Heróis,Héroes,Héroes,ฮีโร่,Hero,영웅,الأبطال,英雄,Герои,Kahramanlar
ui_summon_skill,Skills,Kỹ Năng,Fähigkeiten,Abilità,Compétences,技能,技能,Habilidades,Habilidades,Habilidades,Habilidades,สกิล,Skill,스킬,المهارات,スキル,Навыки,Yetenekler
ui_summon_gear,Equipment,Trang Bị,Ausrüstung,Equipaggiamento,Équipement,装备,裝備,Equipamento,Equipamentos,Equipo,Equipo,อุปกรณ์,Perlengkapan,장비,المعدات,装備,Снаряжение,Ekipman
ui_press_to_close,Tap to Close,Nhấn Để Đóng,Tippen zum Schließen,Tocca per Chiudere,Touchez pour Fermer,点击关闭,點擊關閉,Toca para Fechar,Toque para Fechar,Toca para Cerrar,Toca para Cerrar,แตะเพื่อปิด,Ketuk untuk Menutup,눌러서 닫기,اضغط للإغلاق,タップして閉じる,"Нажмите, чтобы Закрыть",Kapatmak için Dokun
ui_skip_animation,Skip Animation,Bỏ Qua Diễn Hoạt,Animation überspringen,Salta Animazione,Passer l'Animation,跳过动画,跳過動畫,Saltar Animação,Pular Animação,Saltar Animación,Omitir Animación,ข้ามแอนิเมชัน,Lewati Animasi,연출 건너뛰기,تخطي المشهد,演出をスキップ,Пропустить Анимацию,Animasyonu Atla
ui_auto_summon,Auto Summon,Tự Động Triệu Hồi,Automatisch beschwören,Evocazione Automatica,Invocation Automatique,自动召唤,自動召喚,Invocação Automática,Invocação Automática,Invocación Automática,Invocación Automática,อัญเชิญอัตโนมัติ,Summon Otomatis,자동 소환,الاستدعاء التلقائي,自動召喚,Автопризыв,Otomatik Çağırma
ui_rate,Drop Rates,Thông Tin Xác Suất,Wahrscheinlichkeiten,Probabilità,Taux d’Obtention,概率详情,機率詳情,Probabilidades,Probabilidades,Probabilidades,Probabilidades,ข้อมูลอัตราได้รับ,Info Probabilitas,확률 정보,تفاصيل الاحتمالات,提供割合,Шансы Получения,Çıkma Oranları
ui_level_summon,Summon Level,Cấp độ triệu hồi,Beschwörungsstufe,Livello Evocazione,Niveau d’Invocation,召唤等级,召喚等級,Nível de Invocação,Nível de Invocação,Nivel de Invocación,Nivel de Invocación,เลเวลอัญเชิญ,Level Summon,소환 레벨,مستوى الاستدعاء,召喚レベル,Уровень Призыва,Çağırma Seviyesi
ui_update_team,Formation,Xếp Đội Hình,Formation,Formazione,Formation,阵容,陣容,Formação,Formação,Formación,Formación,จัดทีม,Formasi,진형 편성,تشكيل الفريق,編成,Формирование,Takım Dizilimi
ui_upgrade_team,Batch Upgrade,Nâng Cấp Đồng Loạt,Alle verbessern,Potenziamento Multiplo,Amélioration Groupée,批量升级,批量升級,Melhoria em Massa,Aprimoramento em Massa,Mejora Múltiple,Mejora Múltiple,อัปเกรดพร้อมกัน,Upgrade Massal,일괄 강화,تطوير جماعي,一括強化,Массовое улучшение,Toplu Geliştirme
ui_list_team,LIST,DANH SÁCH,LISTE,ELENCO,LISTE,列表,列表,LISTA,LISTA,LISTA,LISTA,รายการ,DAFTAR,목록,القائمة,リスト,СПИСОК,LİSTE
ui_not_owned,Not Owned,Chưa sở hữu,Nicht im Besitz,Non Posseduto,Non Possédé,尚未拥有,尚未擁有,Não Possuído,Não Possuído,No Obtenido,No Obtenido,ยังไม่ได้ครอบครอง,Belum Dimiliki,미보유,غير مملوك,未所持,Не получено,Sahip Değil
ui_hero_info,Hero Info,Thông Tin Nhân Vật,Heldeninfo,Info Eroe,Infos du Héros,英雄信息,英雄資訊,Informações do Herói,Informações do Herói,Información del Héroe,Información del Héroe,ข้อมูลฮีโร่,Info Hero,영웅 정보,معلومات البطل,英雄情報,Информация о герое,Kahraman Bilgisi
ui_skill_class,Element Skill,Kỹ Năng Hệ,Elementfähigkeit,Abilità Elementale,Compétence Élémentaire,元素技能,元素技能,Habilidade Elemental,Habilidade Elemental,Habilidad Elemental,Habilidad Elemental,สกิลธาตุ,Skill Elemen,속성 스킬,مهارة العنصر,属性スキル,Стихийный навык,Element Yeteneği
ui_gear_heroes,Weapon,Vũ Khí,Waffe,Arma,Arme,武器,武器,Arma,Arma,Arma,Arma,อาวุธ,Senjata,무기,السلاح,武器,Оружие,Silah
ui_skill_heroes,Hero Skills,Kỹ Năng Anh Hùng,Heldenfähigkeiten,Abilità Eroe,Compétences du Héros,英雄技能,英雄技能,Habilidades do Herói,Habilidades do Herói,Habilidades del Héroe,Habilidades del Héroe,สกิลฮีโร่,Skill Hero,영웅 스킬,مهارات البطل,英雄スキル,Навыки героя,Kahraman Yetenekleri
ui_Basset_passive_decs,"After landing <color=#94FF40>{0} hits, Bastet creates a Blessing Field for <color=#C58CFF>{1}s, increasing the SPD of allies within by <color=#42D9FF>{2}% and their HP by <color=#63E36F>{3}%.","Sau <color=#94FF40>{0}</color> lần đánh trúng, Bastet tạo Vùng Chúc Phúc trong <color=#C58CFF>{1}</color> giây, tăng <color=#42D9FF>{2}</color>% Tốc Độ và <color=#63E36F>{3}</color>% HP cho đồng minh trong vùng.","Nach <color=#94FF40>{0} Treffern erschafft Bastet für <color=#C58CFF>{1} Sek. ein Segensfeld, das das GES von Verbündeten darin um <color=#42D9FF>{2}% und ihre LP um <color=#63E36F>{3}% erhöht.","Dopo <color=#94FF40>{0} colpi a segno, Bastet crea un Campo Benedetto per <color=#C58CFF>{1} sec., aumentando la VEL degli alleati al suo interno del <color=#42D9FF>{2}% e i loro PV del <color=#63E36F>{3}%.","Après <color=#94FF40>{0} coups réussis, Bastet crée un Champ de Bénédiction pendant <color=#C58CFF>{1} s, augmentant la VIT des alliés dans la zone de <color=#42D9FF>{2}% et leurs PV de <color=#63E36F>{3}%.",命中 <color=#94FF40>{0} 次后，Bastet生成持续 <color=#C58CFF>{1} 秒的祝福领域，使领域内友军的速度提高 <color=#42D9FF>{2}%，生命提高 <color=#63E36F>{3}%。,命中 <color=#94FF40>{0} 次後，Bastet生成持續 <color=#C58CFF>{1} 秒的祝福領域，使領域內友軍的速度提高 <color=#42D9FF>{2}%，生命提高 <color=#63E36F>{3}%。,"Após acertar <color=#94FF40>{0} golpes, Bastet cria um Campo de Bênção durante <color=#C58CFF>{1} s, aumentando a VEL dos aliados na área em <color=#42D9FF>{2}% e os seus PV em <color=#63E36F>{3}%.","Após acertar <color=#94FF40>{0} golpes, Bastet cria um Campo de Bênção por <color=#C58CFF>{1} s, aumentando a VEL dos aliados na área em <color=#42D9FF>{2}% e seus PV em <color=#63E36F>{3}%.","Tras acertar <color=#94FF40>{0} golpes, Bastet crea un Campo de Bendición durante <color=#C58CFF>{1} s, aumentando la VEL de los aliados en el área un <color=#42D9FF>{2}% y sus PS un <color=#63E36F>{3}%.","Tras acertar <color=#94FF40>{0} golpes, Bastet crea un Campo de Bendición durante <color=#C58CFF>{1} s, aumentando la VEL de los aliados en el área un <color=#42D9FF>{2}% y sus PV un <color=#63E36F>{3}%.",หลังโจมตีโดน <color=#94FF40>{0} ครั้ง Bastet จะสร้างเขตพรเป็นเวลา <color=#C58CFF>{1} วินาที เพิ่มความเร็วของพันธมิตรในเขต <color=#42D9FF>{2}% และ HP <color=#63E36F>{3}%,"Setelah mengenai target <color=#94FF40>{0} kali, Bastet menciptakan Blessing Field selama <color=#C58CFF>{1} dtk, meningkatkan SPD rekan di dalam area sebesar <color=#42D9FF>{2}% dan HP mereka sebesar <color=#63E36F>{3}%.","<color=#94FF40>{0}회 적중 시 Bastet가 <color=#C58CFF>{1}초 동안 축복의 영역을 생성하여, 영역 내 아군의 속도를 <color=#42D9FF>{2}%, HP를 <color=#63E36F>{3}% 증가시킵니다.",بعد إصابة الهدف <color=#94FF40>{0} مرات، تنشئ Bastet حقل البركة لمدة <color=#C58CFF>{1} ث، مما يزيد سرعة الحلفاء داخله بنسبة <color=#42D9FF>{2}% ونقاط صحتهم بنسبة <color=#63E36F>{3}%.,<color=#94FF40>{0}回命中すると、Bastetは<color=#C58CFF>{1}秒間、祝福の領域を生成し、領域内の味方の速度を<color=#42D9FF>{2}%、HPを<color=#63E36F>{3}%増加させる。,"После <color=#94FF40>{0} попаданий Bastet создаёт Поле Благословения на <color=#C58CFF>{1} сек., повышая СКР союзников в области на <color=#42D9FF>{2}% и их ОЗ на <color=#63E36F>{3}%.","<color=#94FF40>{0} isabetten sonra Bastet, <color=#C58CFF>{1} sn. boyunca bir Kutsama Alanı oluşturur; alandaki müttefiklerin Hızını <color=#42D9FF>{2}% ve Canını <color=#63E36F>{3}% artırır."
ui_Notting-ham Wood_passive_decs,"Each skill cast grants 1 Forest Arrow. Upon reaching <color=#94FF40>{0} arrows, they are automatically fired, each dealing <color=#FF8A3D>{1}% ATK to the nearest enemy.","Mỗi lần dùng kỹ năng nhận 1 Mũi Tên Rừng. Đủ <color=#94FF40>{0}</color> mũi sẽ tự động bắn ra, mỗi mũi gây <color=#FF8A3D>{1}</color>% ATK lên kẻ địch gần nhất.",Jeder Fähigkeitseinsatz gewährt 1 Waldpfeil. Bei <color=#94FF40>{0} Pfeilen werden sie automatisch abgefeuert und verursachen jeweils <color=#FF8A3D>{1}% ANG beim nächsten Gegner.,"Ogni abilità usata conferisce 1 Freccia della Foresta. Raggiunte <color=#94FF40>{0} frecce, vengono scagliate automaticamente, infliggendo ciascuna <color=#FF8A3D>{1}% ATT al nemico più vicino.","Chaque compétence utilisée confère 1 Flèche Sylvestre. À <color=#94FF40>{0} flèches, elles sont automatiquement tirées, chacune infligeant <color=#FF8A3D>{1}% d'ATQ à l'ennemi le plus proche.",每次释放技能获得1支森林箭。累计至 <color=#94FF40>{0} 支时自动射出，每支对最近的敌人造成 <color=#FF8A3D>{1}%攻击的伤害。,每次施放技能獲得1支森林箭。累積至 <color=#94FF40>{0} 支時自動射出，每支對最近的敵人造成 <color=#FF8A3D>{1}%攻擊的傷害。,"Cada habilidade usada concede 1 Flecha da Floresta. Ao atingir <color=#94FF40>{0} flechas, são disparadas automaticamente, causando cada uma <color=#FF8A3D>{1}% de ATQ ao inimigo mais próximo.","Cada habilidade usada concede 1 Flecha da Floresta. Ao atingir <color=#94FF40>{0} flechas, elas são disparadas automaticamente, cada uma causando <color=#FF8A3D>{1}% de ATQ ao inimigo mais próximo.","Cada habilidad usada otorga 1 Flecha del Bosque. Al alcanzar <color=#94FF40>{0} flechas, se disparan automáticamente, infligiendo cada una <color=#FF8A3D>{1}% de ATQ al enemigo más cercano.","Cada habilidad usada otorga 1 Flecha del Bosque. Al alcanzar <color=#94FF40>{0} flechas, se disparan automáticamente, cada una causando <color=#FF8A3D>{1}% de ATQ al enemigo más cercano.",ทุกครั้งที่ใช้สกิลจะได้รับลูกศรแห่งพงไพร 1 ดอก เมื่อครบ <color=#94FF40>{0} ดอก จะยิงออกไปอัตโนมัติ โดยแต่ละดอกสร้างความเสียหาย <color=#FF8A3D>{1}% ATK แก่ศัตรูที่อยู่ใกล้ที่สุด,"Setiap penggunaan skill memberikan 1 Forest Arrow. Saat mencapai <color=#94FF40>{0} panah, semuanya ditembakkan otomatis, masing-masing memberikan <color=#FF8A3D>{1}% ATK kepada musuh terdekat.","스킬을 사용할 때마다 숲의 화살을 1개 획득합니다. <color=#94FF40>{0}개가 되면 자동으로 발사되며, 각 화살은 가장 가까운 적에게 <color=#FF8A3D>{1}% 공격력의 피해를 줍니다.",يمنح كل استخدام للمهارة سهم غابة واحدًا. عند بلوغ <color=#94FF40>{0} سهام، تُطلق تلقائيًا، ويسبب كل سهم ضررًا يعادل <color=#FF8A3D>{1}% من الهجوم لأقرب عدو.,スキルを使用するたびに森の矢を1本獲得する。<color=#94FF40>{0}本に達すると自動で発射され、1本につき最も近い敵に攻撃力の<color=#FF8A3D>{1}%のダメージを与える。,"Каждое применение навыка даёт 1 Лесную Стрелу. Накопив <color=#94FF40>{0} стрел, автоматически выпускает их, каждая наносит ближайшему врагу урон в размере <color=#FF8A3D>{1}% АТК.",Her yetenek kullanımı 1 Orman Oku kazandırır. <color=#94FF40>{0} oka ulaşıldığında oklar otomatik olarak fırlatılır ve her biri en yakın düşmana <color=#FF8A3D>{1}% Saldırı kadar hasar verir.
ui_Emily_passive_decs,"Starts with <color=#FFD84A>{0}% Crit Rate. Each critical hit grants an additional <color=#94FF40>{1}% for <color=#C58CFF>{2}s, stacking up to <color=#94FF40>{3} times.","Nhận sẵn <color=#FFD84A>{0}</color>% Tỉ Lệ Bạo Kích. Mỗi lần bạo kích tăng thêm <color=#94FF40>{1}</color>% trong <color=#C58CFF>{2}</color> giây, cộng dồn tối đa <color=#94FF40>{3}</color> tầng.","Beginnt mit <color=#FFD84A>{0}% Krit-Rate. Jeder kritische Treffer erhöht sie für <color=#C58CFF>{2} Sek. um weitere <color=#94FF40>{1}%, bis zu <color=#94FF40>{3}-mal stapelbar.","Ottiene inizialmente <color=#FFD84A>{0}% Prob. Critico. Ogni colpo critico conferisce un ulteriore <color=#94FF40>{1}% per <color=#C58CFF>{2} sec., fino a <color=#94FF40>{3} accumuli.","Commence avec <color=#FFD84A>{0}% de Taux Critique. Chaque coup critique accorde <color=#94FF40>{1}% supplémentaires pendant <color=#C58CFF>{2} s, cumulables jusqu'à <color=#94FF40>{3} fois.",初始获得 <color=#FFD84A>{0}%暴击率。每次暴击额外提高 <color=#94FF40>{1}%，持续 <color=#C58CFF>{2} 秒，最多叠加 <color=#94FF40>{3} 层。,初始獲得 <color=#FFD84A>{0}%暴擊率。每次暴擊額外提高 <color=#94FF40>{1}%，持續 <color=#C58CFF>{2} 秒，最多疊加 <color=#94FF40>{3} 層。,"Começa com <color=#FFD84A>{0}% de Taxa Crítica. Cada acerto crítico concede mais <color=#94FF40>{1}% durante <color=#C58CFF>{2} s, acumulando até <color=#94FF40>{3} vezes.","Começa com <color=#FFD84A>{0}% de Taxa Crítica. Cada acerto crítico concede mais <color=#94FF40>{1}% por <color=#C58CFF>{2} s, acumulando até <color=#94FF40>{3} vezes.","Comienza con <color=#FFD84A>{0}% de Prob. Crítico. Cada golpe crítico otorga un <color=#94FF40>{1}% adicional durante <color=#C58CFF>{2} s, acumulable hasta <color=#94FF40>{3} veces.","Comienza con <color=#FFD84A>{0}% de Prob. Crítico. Cada golpe crítico otorga un <color=#94FF40>{1}% adicional durante <color=#C58CFF>{2} s, acumulable hasta <color=#94FF40>{3} veces.",เริ่มต้นด้วยอัตราคริติคอล <color=#FFD84A>{0}% ทุกครั้งที่โจมตีคริติคอลจะเพิ่มอีก <color=#94FF40>{1}% เป็นเวลา <color=#C58CFF>{2} วินาที ซ้อนทับได้สูงสุด <color=#94FF40>{3} ชั้น,"Memulai dengan <color=#FFD84A>{0}% Crit Rate. Setiap serangan kritis memberikan tambahan <color=#94FF40>{1}% selama <color=#C58CFF>{2} dtk, dapat ditumpuk hingga <color=#94FF40>{3} kali.","기본 치명타 확률이 <color=#FFD84A>{0}% 증가합니다. 치명타 발생 시 <color=#C58CFF>{2}초 동안 추가로 <color=#94FF40>{1}% 증가하며, 최대 <color=#94FF40>{3}회 중첩됩니다.",يبدأ بمعدل ضربة حرجة إضافي قدره <color=#FFD84A>{0}%. تمنح كل ضربة حرجة زيادة إضافية قدرها <color=#94FF40>{1}% لمدة <color=#C58CFF>{2} ث، وتتراكم حتى <color=#94FF40>{3} مرات.,初期会心率が<color=#FFD84A>{0}%増加する。会心発生時、<color=#C58CFF>{2}秒間さらに<color=#94FF40>{1}%増加し、最大<color=#94FF40>{3}回まで重複する。,"Изначально получает <color=#FFD84A>{0}% шанса крита. Каждый критический удар дополнительно повышает его на <color=#94FF40>{1}% на <color=#C58CFF>{2} сек., до <color=#94FF40>{3} эффектов.","Başlangıçta <color=#FFD84A>{0}% Kritik Oranı kazanır. Her kritik vuruş, <color=#C58CFF>{2} sn. boyunca ilave <color=#94FF40>{1}% kazandırır ve en fazla <color=#94FF40>{3} kez birikir."
ui_Ophelia_passive_decs,"After <color=#94FF40>{0} basic attacks, Ophelia enters Rising Tide for <color=#C58CFF>{1}s, increasing SPD by <color=#42D9FF>{2}% and Final DMG by <color=#FF8A3D>{3}%.","Sau <color=#94FF40>{0}</color> đòn đánh thường, Ophelia vào trạng thái Thủy Triều Dâng trong <color=#C58CFF>{1}</color> giây, tăng <color=#42D9FF>{2}</color>% Tốc Độ và <color=#FF8A3D>{3}</color>% Sát Thương Cuối.",Nach <color=#94FF40>{0} Standardangriffen erhält Ophelia für <color=#C58CFF>{1} Sek. Flutwelle und erhöht GES um <color=#42D9FF>{2}% und Endschaden um <color=#FF8A3D>{3}%.,"Dopo <color=#94FF40>{0} attacchi base, Ophelia entra in Alta Marea per <color=#C58CFF>{1} sec., aumentando la VEL del <color=#42D9FF>{2}% e il Danno Finale del <color=#FF8A3D>{3}%.","Après <color=#94FF40>{0} attaques normales, Ophelia entre en Marée Montante pendant <color=#C58CFF>{1} s, augmentant la VIT de <color=#42D9FF>{2}% et les Dégâts Finaux de <color=#FF8A3D>{3}%.",普通攻击 <color=#94FF40>{0} 次后，Ophelia进入持续 <color=#C58CFF>{1} 秒的涨潮状态，速度提高 <color=#42D9FF>{2}%，最终伤害提高 <color=#FF8A3D>{3}%。,普通攻擊 <color=#94FF40>{0} 次後，Ophelia進入持續 <color=#C58CFF>{1} 秒的漲潮狀態，速度提高 <color=#42D9FF>{2}%，最終傷害提高 <color=#FF8A3D>{3}%。,"Após <color=#94FF40>{0} ataques básicos, Ophelia entra em Maré Crescente durante <color=#C58CFF>{1} s, aumentando a VEL em <color=#42D9FF>{2}% e o Dano Final em <color=#FF8A3D>{3}%.","Após <color=#94FF40>{0} ataques básicos, Ophelia entra em Maré Crescente por <color=#C58CFF>{1} s, aumentando a VEL em <color=#42D9FF>{2}% e o Dano Final em <color=#FF8A3D>{3}%.","Tras <color=#94FF40>{0} ataques básicos, Ophelia entra en Marea Creciente durante <color=#C58CFF>{1} s, aumentando la VEL un <color=#42D9FF>{2}% y el Daño Final un <color=#FF8A3D>{3}%.","Tras <color=#94FF40>{0} ataques básicos, Ophelia entra en Marea Creciente durante <color=#C58CFF>{1} s, aumentando la VEL un <color=#42D9FF>{2}% y el Daño Final un <color=#FF8A3D>{3}%.",หลังโจมตีปกติ <color=#94FF40>{0} ครั้ง Ophelia จะเข้าสู่สถานะคลื่นน้ำขึ้นเป็นเวลา <color=#C58CFF>{1} วินาที เพิ่มความเร็ว <color=#42D9FF>{2}% และความเสียหายสุดท้าย <color=#FF8A3D>{3}%,"Setelah <color=#94FF40>{0} serangan dasar, Ophelia memasuki Rising Tide selama <color=#C58CFF>{1} dtk, meningkatkan SPD sebesar <color=#42D9FF>{2}% dan Final DMG sebesar <color=#FF8A3D>{3}%.","기본 공격 <color=#94FF40>{0}회 후 Ophelia가 <color=#C58CFF>{1}초 동안 밀려오는 파도 상태가 되어 속도가 <color=#42D9FF>{2}%, 최종 피해가 <color=#FF8A3D>{3}% 증가합니다.",بعد <color=#94FF40>{0} هجمات أساسية، تدخل Ophelia حالة المد الصاعد لمدة <color=#C58CFF>{1} ث، فترتفع السرعة بنسبة <color=#42D9FF>{2}% والضرر النهائي بنسبة <color=#FF8A3D>{3}%.,通常攻撃を<color=#94FF40>{0}回行うと、Opheliaは<color=#C58CFF>{1}秒間、満ち潮状態になり、速度が<color=#42D9FF>{2}%、最終ダメージが<color=#FF8A3D>{3}%増加する。,"После <color=#94FF40>{0} обычных атак Ophelia входит в состояние Прилива на <color=#C58CFF>{1} сек., повышая СКР на <color=#42D9FF>{2}% и итоговый урон на <color=#FF8A3D>{3}%.","<color=#94FF40>{0} temel saldırıdan sonra Ophelia, <color=#C58CFF>{1} sn. boyunca Yükselen Gelgit durumuna girer; Hızı <color=#42D9FF>{2}% ve Nihai Hasarı <color=#FF8A3D>{3}% artar."
ui_Hatshepsut_passive_decs,"After skills land <color=#94FF40>{0} hits, Hatshepsut enters Desert Dominion for <color=#C58CFF>{1}s, increasing Skill DMG by <color=#FF8A3D>{2}%.","Sau <color=#94FF40>{0}</color> lần kỹ năng đánh trúng, Hatshepsut vào trạng thái Thống Trị Sa Mạc trong <color=#C58CFF>{1}</color> giây, tăng <color=#FF8A3D>{2}</color>% Sát Thương Kỹ Năng.",Nach <color=#94FF40>{0} Fähigkeitstreffern erhält Hatshepsut für <color=#C58CFF>{1} Sek. Wüstenherrschaft und erhöht Fähigkeitsschaden um <color=#FF8A3D>{2}%.,"Dopo <color=#94FF40>{0} colpi di abilità, Hatshepsut entra in Dominio del Deserto per <color=#C58CFF>{1} sec., aumentando il Danno Abilità del <color=#FF8A3D>{2}%.","Après <color=#94FF40>{0} coups de compétence, Hatshepsut entre en Domination du Désert pendant <color=#C58CFF>{1} s, augmentant les Dégâts de Compétence de <color=#FF8A3D>{2}%.",技能命中 <color=#94FF40>{0} 次后，Hatshepsut进入持续 <color=#C58CFF>{1} 秒的沙漠统御状态，技能伤害提高 <color=#FF8A3D>{2}%。,技能命中 <color=#94FF40>{0} 次後，Hatshepsut進入持續 <color=#C58CFF>{1} 秒的沙漠統御狀態，技能傷害提高 <color=#FF8A3D>{2}%。,"Após <color=#94FF40>{0} acertos de habilidade, Hatshepsut entra em Domínio do Deserto durante <color=#C58CFF>{1} s, aumentando o Dano de Habilidade em <color=#FF8A3D>{2}%.","Após <color=#94FF40>{0} acertos de habilidade, Hatshepsut entra em Domínio do Deserto por <color=#C58CFF>{1} s, aumentando o Dano de Habilidade em <color=#FF8A3D>{2}%.","Tras <color=#94FF40>{0} golpes de habilidad, Hatshepsut entra en Dominio del Desierto durante <color=#C58CFF>{1} s, aumentando el Daño de Habilidad un <color=#FF8A3D>{2}%.","Tras <color=#94FF40>{0} golpes de habilidad, Hatshepsut entra en Dominio del Desierto durante <color=#C58CFF>{1} s, aumentando el Daño de Habilidad un <color=#FF8A3D>{2}%.",หลังสกิลโจมตีโดน <color=#94FF40>{0} ครั้ง Hatshepsut จะเข้าสู่สถานะครองทะเลทรายเป็นเวลา <color=#C58CFF>{1} วินาที เพิ่มความเสียหายสกิล <color=#FF8A3D>{2}%,"Setelah skill mengenai target <color=#94FF40>{0} kali, Hatshepsut memasuki Desert Dominion selama <color=#C58CFF>{1} dtk, meningkatkan Skill DMG sebesar <color=#FF8A3D>{2}%.",스킬이 <color=#94FF40>{0}회 적중하면 Hatshepsut가 <color=#C58CFF>{1}초 동안 사막 지배 상태가 되어 스킬 피해가 <color=#FF8A3D>{2}% 증가합니다.,بعد إصابة المهارات <color=#94FF40>{0} مرات، تدخل Hatshepsut حالة سيادة الصحراء لمدة <color=#C58CFF>{1} ث، مما يزيد ضرر المهارة بنسبة <color=#FF8A3D>{2}%.,スキルが<color=#94FF40>{0}回命中すると、Hatshepsutは<color=#C58CFF>{1}秒間、砂漠支配状態になり、スキルダメージが<color=#FF8A3D>{2}%増加する。,"После <color=#94FF40>{0} попаданий навыками Hatshepsut входит в состояние Владычества Пустыни на <color=#C58CFF>{1} сек., повышая урон навыков на <color=#FF8A3D>{2}%.","Yetenekler <color=#94FF40>{0} kez isabet ettikten sonra Hatshepsut, <color=#C58CFF>{1} sn. boyunca Çöl Hâkimiyeti durumuna girer ve Yetenek Hasarı <color=#FF8A3D>{2}% artar."
ui_Brandon-Lowen_passive_decs,"After skills land <color=#94FF40>{0} hits, Brandon-Lowen enters Flame Soul for <color=#C58CFF>{1}s, increasing Skill DMG by <color=#FF8A3D>{2}%.","Sau <color=#94FF40>{0}</color> lần kỹ năng đánh trúng, Brandon-Lowen vào trạng thái Hỏa Hồn trong <color=#C58CFF>{1}</color> giây, tăng <color=#FF8A3D>{2}</color>% Sát Thương Kỹ Năng.",Nach <color=#94FF40>{0} Fähigkeitstreffern erhält Brandon-Lowen für <color=#C58CFF>{1} Sek. Feuerseele und erhöht Fähigkeitsschaden um <color=#FF8A3D>{2}%.,"Dopo <color=#94FF40>{0} colpi di abilità, Brandon-Lowen entra in Anima di Fuoco per <color=#C58CFF>{1} sec., aumentando il Danno Abilità del <color=#FF8A3D>{2}%.","Après <color=#94FF40>{0} coups de compétence, Brandon-Lowen entre en Âme de Feu pendant <color=#C58CFF>{1} s, augmentant les Dégâts de Compétence de <color=#FF8A3D>{2}%.",技能命中 <color=#94FF40>{0} 次后，Brandon-Lowen进入持续 <color=#C58CFF>{1} 秒的炎魂状态，技能伤害提高 <color=#FF8A3D>{2}%。,技能命中 <color=#94FF40>{0} 次後，Brandon-Lowen進入持續 <color=#C58CFF>{1} 秒的炎魂狀態，技能傷害提高 <color=#FF8A3D>{2}%。,"Após <color=#94FF40>{0} acertos de habilidade, Brandon-Lowen entra em Alma de Fogo durante <color=#C58CFF>{1} s, aumentando o Dano de Habilidade em <color=#FF8A3D>{2}%.","Após <color=#94FF40>{0} acertos de habilidade, Brandon-Lowen entra em Alma de Fogo por <color=#C58CFF>{1} s, aumentando o Dano de Habilidade em <color=#FF8A3D>{2}%.","Tras <color=#94FF40>{0} golpes de habilidad, Brandon-Lowen entra en Alma de Fuego durante <color=#C58CFF>{1} s, aumentando el Daño de Habilidad un <color=#FF8A3D>{2}%.","Tras <color=#94FF40>{0} golpes de habilidad, Brandon-Lowen entra en Alma de Fuego durante <color=#C58CFF>{1} s, aumentando el Daño de Habilidad un <color=#FF8A3D>{2}%.",หลังสกิลโจมตีโดน <color=#94FF40>{0} ครั้ง Brandon-Lowen จะเข้าสู่สถานะวิญญาณเพลิงเป็นเวลา <color=#C58CFF>{1} วินาที เพิ่มความเสียหายสกิล <color=#FF8A3D>{2}%,"Setelah skill mengenai target <color=#94FF40>{0} kali, Brandon-Lowen memasuki Flame Soul selama <color=#C58CFF>{1} dtk, meningkatkan Skill DMG sebesar <color=#FF8A3D>{2}%.",스킬이 <color=#94FF40>{0}회 적중하면 Brandon-Lowen이 <color=#C58CFF>{1}초 동안 화염의 혼 상태가 되어 스킬 피해가 <color=#FF8A3D>{2}% 증가합니다.,بعد إصابة المهارات <color=#94FF40>{0} مرات، يدخل Brandon-Lowen حالة روح اللهب لمدة <color=#C58CFF>{1} ث، مما يزيد ضرر المهارة بنسبة <color=#FF8A3D>{2}%.,スキルが<color=#94FF40>{0}回命中すると、Brandon-Lowenは<color=#C58CFF>{1}秒間、炎魂状態になり、スキルダメージが<color=#FF8A3D>{2}%増加する。,"После <color=#94FF40>{0} попаданий навыками Brandon-Lowen входит в состояние Огненной Души на <color=#C58CFF>{1} сек., повышая урон навыков на <color=#FF8A3D>{2}%.","Yetenekler <color=#94FF40>{0} kez isabet ettikten sonra Brandon-Lowen, <color=#C58CFF>{1} sn. boyunca Ateş Ruhu durumuna girer ve Yetenek Hasarı <color=#FF8A3D>{2}% artar."
ui_Robert_passive_decs,"After <color=#94FF40>{0} basic attacks, Robert enters Rapid Fire for <color=#C58CFF>{1}s, increasing SPD by <color=#42D9FF>{2}%.","Sau <color=#94FF40>{0}</color> đòn đánh thường, Robert vào trạng thái Cuồng Xạ trong <color=#C58CFF>{1}</color> giây, tăng <color=#42D9FF>{2}</color>% Tốc Độ.",Nach <color=#94FF40>{0} Standardangriffen erhält Robert für <color=#C58CFF>{1} Sek. Schnellfeuer und erhöht GES um <color=#42D9FF>{2}%.,"Dopo <color=#94FF40>{0} attacchi base, Robert entra in Fuoco Rapido per <color=#C58CFF>{1} sec., aumentando la VEL del <color=#42D9FF>{2}%.","Après <color=#94FF40>{0} attaques normales, Robert entre en Tir Frénétique pendant <color=#C58CFF>{1} s, augmentant la VIT de <color=#42D9FF>{2}%.",普通攻击 <color=#94FF40>{0} 次后，Robert进入持续 <color=#C58CFF>{1} 秒的狂射状态，速度提高 <color=#42D9FF>{2}%。,普通攻擊 <color=#94FF40>{0} 次後，Robert進入持續 <color=#C58CFF>{1} 秒的狂射狀態，速度提高 <color=#42D9FF>{2}%。,"Após <color=#94FF40>{0} ataques básicos, Robert entra em Disparo Frenético durante <color=#C58CFF>{1} s, aumentando a VEL em <color=#42D9FF>{2}%.","Após <color=#94FF40>{0} ataques básicos, Robert entra em Disparo Frenético por <color=#C58CFF>{1} s, aumentando a VEL em <color=#42D9FF>{2}%.","Tras <color=#94FF40>{0} ataques básicos, Robert entra en Disparo Frenético durante <color=#C58CFF>{1} s, aumentando la VEL un <color=#42D9FF>{2}%.","Tras <color=#94FF40>{0} ataques básicos, Robert entra en Disparo Frenético durante <color=#C58CFF>{1} s, aumentando la VEL un <color=#42D9FF>{2}%.",หลังโจมตีปกติ <color=#94FF40>{0} ครั้ง Robert จะเข้าสู่สถานะยิงระห่ำเป็นเวลา <color=#C58CFF>{1} วินาที เพิ่มความเร็ว <color=#42D9FF>{2}%,"Setelah <color=#94FF40>{0} serangan dasar, Robert memasuki Rapid Fire selama <color=#C58CFF>{1} dtk, meningkatkan SPD sebesar <color=#42D9FF>{2}%.",기본 공격 <color=#94FF40>{0}회 후 Robert가 <color=#C58CFF>{1}초 동안 광속 사격 상태가 되어 속도가 <color=#42D9FF>{2}% 증가합니다.,بعد <color=#94FF40>{0} هجمات أساسية، يدخل Robert حالة الإطلاق الهائج لمدة <color=#C58CFF>{1} ث، مما يزيد السرعة بنسبة <color=#42D9FF>{2}%.,通常攻撃を<color=#94FF40>{0}回行うと、Robertは<color=#C58CFF>{1}秒間、狂乱射撃状態になり、速度が<color=#42D9FF>{2}%増加する。,"После <color=#94FF40>{0} обычных атак Robert входит в состояние Бешеной Стрельбы на <color=#C58CFF>{1} сек., повышая СКР на <color=#42D9FF>{2}%.","<color=#94FF40>{0} temel saldırıdan sonra Robert, <color=#C58CFF>{1} sn. boyunca Çılgın Atış durumuna girer ve Hızı <color=#42D9FF>{2}% artar."
ui_Edward_passive_decs,"After <color=#94FF40>{0} basic attacks, Edward enters Gale for <color=#C58CFF>{1}s, increasing ATK by <color=#FF8A3D>{2}% and Crit Rate by <color=#FFD84A>{3}%.","Sau <color=#94FF40>{0}</color> đòn đánh thường, Edward vào trạng thái Cuồng Phong trong <color=#C58CFF>{1}</color> giây, tăng <color=#FF8A3D>{2}</color>% ATK và <color=#FFD84A>{3}</color>% Tỉ Lệ Bạo Kích.",Nach <color=#94FF40>{0} Standardangriffen erhält Edward für <color=#C58CFF>{1} Sek. Sturmwind und erhöht ANG um <color=#FF8A3D>{2}% und Krit-Rate um <color=#FFD84A>{3}%.,"Dopo <color=#94FF40>{0} attacchi base, Edward entra in Burrasca per <color=#C58CFF>{1} sec., aumentando l'ATT del <color=#FF8A3D>{2}% e la Prob. Critico del <color=#FFD84A>{3}%.","Après <color=#94FF40>{0} attaques normales, Edward entre en Vent Furieux pendant <color=#C58CFF>{1} s, augmentant l'ATQ de <color=#FF8A3D>{2}% et le Taux Critique de <color=#FFD84A>{3}%.",普通攻击 <color=#94FF40>{0} 次后，Edward进入持续 <color=#C58CFF>{1} 秒的狂风状态，攻击提高 <color=#FF8A3D>{2}%，暴击率提高 <color=#FFD84A>{3}%。,普通攻擊 <color=#94FF40>{0} 次後，Edward進入持續 <color=#C58CFF>{1} 秒的狂風狀態，攻擊提高 <color=#FF8A3D>{2}%，暴擊率提高 <color=#FFD84A>{3}%。,"Após <color=#94FF40>{0} ataques básicos, Edward entra em Vendaval durante <color=#C58CFF>{1} s, aumentando o ATQ em <color=#FF8A3D>{2}% e a Taxa Crítica em <color=#FFD84A>{3}%.","Após <color=#94FF40>{0} ataques básicos, Edward entra em Vendaval por <color=#C58CFF>{1} s, aumentando o ATQ em <color=#FF8A3D>{2}% e a Taxa Crítica em <color=#FFD84A>{3}%.","Tras <color=#94FF40>{0} ataques básicos, Edward entra en Vendaval durante <color=#C58CFF>{1} s, aumentando el ATQ un <color=#FF8A3D>{2}% y la Prob. Crítico un <color=#FFD84A>{3}%.","Tras <color=#94FF40>{0} ataques básicos, Edward entra en Vendaval durante <color=#C58CFF>{1} s, aumentando el ATQ un <color=#FF8A3D>{2}% y la Prob. Crítico un <color=#FFD84A>{3}%.",หลังโจมตีปกติ <color=#94FF40>{0} ครั้ง Edward จะเข้าสู่สถานะพายุคลั่งเป็นเวลา <color=#C58CFF>{1} วินาที เพิ่ม ATK <color=#FF8A3D>{2}% และอัตราคริติคอล <color=#FFD84A>{3}%,"Setelah <color=#94FF40>{0} serangan dasar, Edward memasuki Gale selama <color=#C58CFF>{1} dtk, meningkatkan ATK sebesar <color=#FF8A3D>{2}% dan Crit Rate sebesar <color=#FFD84A>{3}%.","기본 공격 <color=#94FF40>{0}회 후 Edward가 <color=#C58CFF>{1}초 동안 광풍 상태가 되어 공격력이 <color=#FF8A3D>{2}%, 치명타 확률이 <color=#FFD84A>{3}% 증가합니다.",بعد <color=#94FF40>{0} هجمات أساسية، يدخل Edward حالة العاصفة لمدة <color=#C58CFF>{1} ث، مما يزيد الهجوم بنسبة <color=#FF8A3D>{2}% ومعدل الضربة الحرجة بنسبة <color=#FFD84A>{3}%.,通常攻撃を<color=#94FF40>{0}回行うと、Edwardは<color=#C58CFF>{1}秒間、狂風状態になり、攻撃力が<color=#FF8A3D>{2}%、会心率が<color=#FFD84A>{3}%増加する。,"После <color=#94FF40>{0} обычных атак Edward входит в состояние Бури на <color=#C58CFF>{1} сек., повышая АТК на <color=#FF8A3D>{2}% и шанс крита на <color=#FFD84A>{3}%.","<color=#94FF40>{0} temel saldırıdan sonra Edward, <color=#C58CFF>{1} sn. boyunca Fırtına durumuna girer; Saldırısı <color=#FF8A3D>{2}% ve Kritik Oranı <color=#FFD84A>{3}% artar."
ui_Amelia_passive_decs,"After skills deal damage or restore HP <color=#94FF40>{0} times, Amelia enters Water Dance for <color=#C58CFF>{1}s, increasing Skill DMG by <color=#FF8A3D>{2}% and healing effectiveness by <color=#63E36F>{3}%.","Sau <color=#94FF40>{0}</color> lần kỹ năng gây sát thương hoặc hồi phục, Amelia vào trạng thái Thủy Vũ trong <color=#C58CFF>{1}</color> giây, tăng <color=#FF8A3D>{2}</color>% Sát Thương Kỹ Năng và <color=#63E36F>{3}</color>% hiệu quả hồi phục.","Nachdem Fähigkeiten <color=#94FF40>{0}-mal Schaden verursacht oder geheilt haben, erhält Amelia für <color=#C58CFF>{1} Sek. Wassertanz und erhöht Fähigkeitsschaden um <color=#FF8A3D>{2}% und Heilwirkung um <color=#63E36F>{3}%.","Dopo che le abilità infliggono danni o curano <color=#94FF40>{0} volte, Amelia entra in Danza dell'Acqua per <color=#C58CFF>{1} sec., aumentando il Danno Abilità del <color=#FF8A3D>{2}% e l'efficacia delle cure del <color=#63E36F>{3}%.","Après que ses compétences ont infligé des dégâts ou soigné <color=#94FF40>{0} fois, Amelia entre en Danse Aquatique pendant <color=#C58CFF>{1} s, augmentant les Dégâts de Compétence de <color=#FF8A3D>{2}% et l'efficacité des soins de <color=#63E36F>{3}%.",技能造成伤害或治疗 <color=#94FF40>{0} 次后，Amelia进入持续 <color=#C58CFF>{1} 秒的水舞状态，技能伤害提高 <color=#FF8A3D>{2}%，治疗效果提高 <color=#63E36F>{3}%。,技能造成傷害或治療 <color=#94FF40>{0} 次後，Amelia進入持續 <color=#C58CFF>{1} 秒的水舞狀態，技能傷害提高 <color=#FF8A3D>{2}%，治療效果提高 <color=#63E36F>{3}%。,"Após as habilidades causarem dano ou curarem <color=#94FF40>{0} vezes, Amelia entra em Dança Aquática durante <color=#C58CFF>{1} s, aumentando o Dano de Habilidade em <color=#FF8A3D>{2}% e a eficácia da cura em <color=#63E36F>{3}%.","Após as habilidades causarem dano ou curarem <color=#94FF40>{0} vezes, Amelia entra em Dança Aquática por <color=#C58CFF>{1} s, aumentando o Dano de Habilidade em <color=#FF8A3D>{2}% e a eficácia da cura em <color=#63E36F>{3}%.","Después de que sus habilidades inflijan daño o curen <color=#94FF40>{0} veces, Amelia entra en Danza Acuática durante <color=#C58CFF>{1} s, aumentando el Daño de Habilidad un <color=#FF8A3D>{2}% y la eficacia de curación un <color=#63E36F>{3}%.","Después de que sus habilidades inflijan daño o curen <color=#94FF40>{0} veces, Amelia entra en Danza Acuática durante <color=#C58CFF>{1} s, aumentando el Daño de Habilidad un <color=#FF8A3D>{2}% y la eficacia de curación un <color=#63E36F>{3}%.",หลังสกิลสร้างความเสียหายหรือฟื้นฟู <color=#94FF40>{0} ครั้ง Amelia จะเข้าสู่สถานะระบำน้ำเป็นเวลา <color=#C58CFF>{1} วินาที เพิ่มความเสียหายสกิล <color=#FF8A3D>{2}% และประสิทธิภาพการรักษา <color=#63E36F>{3}%,"Setelah skill memberikan damage atau pemulihan <color=#94FF40>{0} kali, Amelia memasuki Water Dance selama <color=#C58CFF>{1} dtk, meningkatkan Skill DMG sebesar <color=#FF8A3D>{2}% dan efektivitas pemulihan sebesar <color=#63E36F>{3}%.","스킬로 피해를 주거나 회복을 <color=#94FF40>{0}회 수행하면 Amelia가 <color=#C58CFF>{1}초 동안 물의 춤 상태가 되어 스킬 피해가 <color=#FF8A3D>{2}%, 회복 효과가 <color=#63E36F>{3}% 증가합니다.",بعد أن تسبب المهارات ضررًا أو علاجًا <color=#94FF40>{0} مرات، تدخل Amelia حالة رقصة الماء لمدة <color=#C58CFF>{1} ث، مما يزيد ضرر المهارة بنسبة <color=#FF8A3D>{2}% وفعالية العلاج بنسبة <color=#63E36F>{3}%.,スキルでダメージまたは回復を<color=#94FF40>{0}回行うと、Ameliaは<color=#C58CFF>{1}秒間、水舞状態になり、スキルダメージが<color=#FF8A3D>{2}%、回復効果が<color=#63E36F>{3}%増加する。,"После того как навыки <color=#94FF40>{0} раз нанесут урон или восстановят ОЗ, Amelia входит в состояние Танца Воды на <color=#C58CFF>{1} сек., повышая урон навыков на <color=#FF8A3D>{2}% и эффективность лечения на <color=#63E36F>{3}%.","Yetenekler <color=#94FF40>{0} kez hasar verdikten veya iyileştirdikten sonra Amelia, <color=#C58CFF>{1} sn. boyunca Su Dansı durumuna girer; Yetenek Hasarı <color=#FF8A3D>{2}% ve iyileştirme etkisi <color=#63E36F>{3}% artar."
ui_Jerolur_passive_decs,"After <color=#94FF40>{0} basic attacks, Jerolur activates Holy Sword for <color=#C58CFF>{1}s, increasing SPD by <color=#42D9FF>{2}% and Crit Rate by <color=#FFD84A>{3}%.","Sau <color=#94FF40>{0}</color> đòn đánh thường, Jerolur kích hoạt Thánh Kiếm trong <color=#C58CFF>{1}</color> giây, tăng <color=#42D9FF>{2}</color>% Tốc Độ và <color=#FFD84A>{3}</color>% Tỉ Lệ Bạo Kích.",Nach <color=#94FF40>{0} Standardangriffen aktiviert Jerolur für <color=#C58CFF>{1} Sek. das Heilige Schwert und erhöht GES um <color=#42D9FF>{2}% und Krit-Rate um <color=#FFD84A>{3}%.,"Dopo <color=#94FF40>{0} attacchi base, Jerolur attiva Spada Sacra per <color=#C58CFF>{1} sec., aumentando la VEL del <color=#42D9FF>{2}% e la Prob. Critico del <color=#FFD84A>{3}%.","Après <color=#94FF40>{0} attaques normales, Jerolur active Épée Sacrée pendant <color=#C58CFF>{1} s, augmentant la VIT de <color=#42D9FF>{2}% et le Taux Critique de <color=#FFD84A>{3}%.",普通攻击 <color=#94FF40>{0} 次后，Jerolur激活持续 <color=#C58CFF>{1} 秒的圣剑，速度提高 <color=#42D9FF>{2}%，暴击率提高 <color=#FFD84A>{3}%。,普通攻擊 <color=#94FF40>{0} 次後，Jerolur啟動持續 <color=#C58CFF>{1} 秒的聖劍，速度提高 <color=#42D9FF>{2}%，暴擊率提高 <color=#FFD84A>{3}%。,"Após <color=#94FF40>{0} ataques básicos, Jerolur ativa Espada Sagrada durante <color=#C58CFF>{1} s, aumentando a VEL em <color=#42D9FF>{2}% e a Taxa Crítica em <color=#FFD84A>{3}%.","Após <color=#94FF40>{0} ataques básicos, Jerolur ativa Espada Sagrada por <color=#C58CFF>{1} s, aumentando a VEL em <color=#42D9FF>{2}% e a Taxa Crítica em <color=#FFD84A>{3}%.","Tras <color=#94FF40>{0} ataques básicos, Jerolur activa Espada Sagrada durante <color=#C58CFF>{1} s, aumentando la VEL un <color=#42D9FF>{2}% y la Prob. Crítico un <color=#FFD84A>{3}%.","Tras <color=#94FF40>{0} ataques básicos, Jerolur activa Espada Sagrada durante <color=#C58CFF>{1} s, aumentando la VEL un <color=#42D9FF>{2}% y la Prob. Crítico un <color=#FFD84A>{3}%.",หลังโจมตีปกติ <color=#94FF40>{0} ครั้ง Jerolur จะเปิดใช้ดาบศักดิ์สิทธิ์เป็นเวลา <color=#C58CFF>{1} วินาที เพิ่มความเร็ว <color=#42D9FF>{2}% และอัตราคริติคอล <color=#FFD84A>{3}%,"Setelah <color=#94FF40>{0} serangan dasar, Jerolur mengaktifkan Holy Sword selama <color=#C58CFF>{1} dtk, meningkatkan SPD sebesar <color=#42D9FF>{2}% dan Crit Rate sebesar <color=#FFD84A>{3}%.","기본 공격 <color=#94FF40>{0}회 후 Jerolur가 <color=#C58CFF>{1}초 동안 성검을 활성화하여 속도가 <color=#42D9FF>{2}%, 치명타 확률이 <color=#FFD84A>{3}% 증가합니다.",بعد <color=#94FF40>{0} هجمات أساسية، يفعّل Jerolur السيف المقدس لمدة <color=#C58CFF>{1} ث، مما يزيد السرعة بنسبة <color=#42D9FF>{2}% ومعدل الضربة الحرجة بنسبة <color=#FFD84A>{3}%.,通常攻撃を<color=#94FF40>{0}回行うと、Jerolurは<color=#C58CFF>{1}秒間、聖剣を発動し、速度が<color=#42D9FF>{2}%、会心率が<color=#FFD84A>{3}%増加する。,"После <color=#94FF40>{0} обычных атак Jerolur активирует Священный Меч на <color=#C58CFF>{1} сек., повышая СКР на <color=#42D9FF>{2}% и шанс крита на <color=#FFD84A>{3}%.","<color=#94FF40>{0} temel saldırıdan sonra Jerolur, <color=#C58CFF>{1} sn. boyunca Kutsal Kılıcı etkinleştirir; Hızı <color=#42D9FF>{2}% ve Kritik Oranı <color=#FFD84A>{3}% artar."
ui_Riddle_passive_decs,"After attacks or skills hit a target <color=#94FF40>{0} times, Riddle activates Royal Authority for <color=#C58CFF>{1}s, increasing ATK by <color=#FF8A3D>{2}% for himself and nearby allies.","Sau <color=#94FF40>{0}</color> đòn đánh hoặc kỹ năng trúng mục tiêu, Riddle kích hoạt Uy Quyền Hoàng Gia trong <color=#C58CFF>{1}</color> giây, tăng <color=#FF8A3D>{2}</color>% ATK cho bản thân và đồng minh gần đó.",Nach <color=#94FF40>{0} Treffern durch Angriffe oder Fähigkeiten aktiviert Riddle für <color=#C58CFF>{1} Sek. Königliche Autorität und erhöht den ANG von sich und nahen Verbündeten um <color=#FF8A3D>{2}%.,"Dopo <color=#94FF40>{0} colpi di attacco o abilità, Riddle attiva Autorità Regale per <color=#C58CFF>{1} sec., aumentando l'ATT proprio e degli alleati vicini del <color=#FF8A3D>{2}%.","Après <color=#94FF40>{0} coups d'attaque ou de compétence, Riddle active Autorité Royale pendant <color=#C58CFF>{1} s, augmentant son ATQ et celle des alliés proches de <color=#FF8A3D>{2}%.",攻击或技能命中目标 <color=#94FF40>{0} 次后，Riddle激活持续 <color=#C58CFF>{1} 秒的王者威仪，使自身及附近友军的攻击提高 <color=#FF8A3D>{2}%。,攻擊或技能命中目標 <color=#94FF40>{0} 次後，Riddle啟動持續 <color=#C58CFF>{1} 秒的王者威儀，使自身及附近友軍的攻擊提高 <color=#FF8A3D>{2}%。,"Após ataques ou habilidades acertarem <color=#94FF40>{0} vezes, Riddle ativa Autoridade Real durante <color=#C58CFF>{1} s, aumentando o ATQ próprio e dos aliados próximos em <color=#FF8A3D>{2}%.","Após ataques ou habilidades acertarem <color=#94FF40>{0} vezes, Riddle ativa Autoridade Real por <color=#C58CFF>{1} s, aumentando o ATQ próprio e dos aliados próximos em <color=#FF8A3D>{2}%.","Tras acertar <color=#94FF40>{0} veces con ataques o habilidades, Riddle activa Autoridad Real durante <color=#C58CFF>{1} s, aumentando su ATQ y el de los aliados cercanos un <color=#FF8A3D>{2}%.","Tras acertar <color=#94FF40>{0} veces con ataques o habilidades, Riddle activa Autoridad Real durante <color=#C58CFF>{1} s, aumentando su ATQ y el de los aliados cercanos un <color=#FF8A3D>{2}%.",หลังการโจมตีหรือสกิลโดนเป้าหมาย <color=#94FF40>{0} ครั้ง Riddle จะเปิดใช้อำนาจราชันเป็นเวลา <color=#C58CFF>{1} วินาที เพิ่ม ATK ของตนเองและพันธมิตรใกล้เคียง <color=#FF8A3D>{2}%,"Setelah serangan atau skill mengenai target <color=#94FF40>{0} kali, Riddle mengaktifkan Royal Authority selama <color=#C58CFF>{1} dtk, meningkatkan ATK diri sendiri dan rekan terdekat sebesar <color=#FF8A3D>{2}%.",공격 또는 스킬이 <color=#94FF40>{0}회 적중하면 Riddle이 <color=#C58CFF>{1}초 동안 왕가의 권위를 활성화하여 자신과 주변 아군의 공격력을 <color=#FF8A3D>{2}% 증가시킵니다.,بعد إصابة الهدف بالهجمات أو المهارات <color=#94FF40>{0} مرات، يفعّل Riddle السلطة الملكية لمدة <color=#C58CFF>{1} ث، مما يزيد هجومه وهجوم الحلفاء القريبين بنسبة <color=#FF8A3D>{2}%.,攻撃またはスキルが<color=#94FF40>{0}回命中すると、Riddleは<color=#C58CFF>{1}秒間、王家の威光を発動し、自身と周囲の味方の攻撃力を<color=#FF8A3D>{2}%増加させる。,"После <color=#94FF40>{0} попаданий атаками или навыками Riddle активирует Королевскую Власть на <color=#C58CFF>{1} сек., повышая АТК себе и ближайшим союзникам на <color=#FF8A3D>{2}%.","Saldırı veya yetenekler hedefe <color=#94FF40>{0} kez isabet ettikten sonra Riddle, <color=#C58CFF>{1} sn. boyunca Kraliyet Otoritesini etkinleştirir ve kendisiyle yakındaki müttefiklerin Saldırısını <color=#FF8A3D>{2}% artırır."
ui_Vorth_passive_decs,"Gains 1 stack of Frost Armor every <color=#94FF40>{0}s. Each stack increases DEF by <color=#6FA8FF>{1}% and reflects damage equal to <color=#FF8A3D>{2}% ATK. At <color=#94FF40>{3} stacks, gains a shield equal to <color=#94FF40>{4}% Max HP.","Mỗi <color=#94FF40>{0}</color> giây nhận 1 tầng Băng Giáp, mỗi tầng tăng <color=#6FA8FF>{1}</color>% DEF và phản lại sát thương bằng <color=#FF8A3D>{2}</color>% ATK. Đủ <color=#94FF40>{3}</color> tầng nhận lá chắn bằng <color=#94FF40>{4}</color>% HP tối đa.",Erhält alle <color=#94FF40>{0} Sek. 1 Stapel Frostrüstung. Jeder Stapel erhöht VER um <color=#6FA8FF>{1}% und reflektiert Schaden in Höhe von <color=#FF8A3D>{2}% ANG. Bei <color=#94FF40>{3} Stapeln wird ein Schild in Höhe von <color=#94FF40>{4}% der max. LP gewährt.,"Ottiene 1 accumulo di Armatura Gelida ogni <color=#94FF40>{0} sec. Ogni accumulo aumenta la DIF del <color=#6FA8FF>{1}% e riflette danni pari al <color=#FF8A3D>{2}% ATT. A <color=#94FF40>{3} accumuli, ottiene uno scudo pari al <color=#94FF40>{4}% dei PV massimi.","Gagne 1 cumul d'Armure de Givre toutes les <color=#94FF40>{0} s. Chaque cumul augmente la DÉF de <color=#6FA8FF>{1}% et renvoie des dégâts équivalant à <color=#FF8A3D>{2}% de l'ATQ. À <color=#94FF40>{3} cumuls, obtient un bouclier égal à <color=#94FF40>{4}% des PV max.",每 <color=#94FF40>{0} 秒获得1层冰霜护甲。每层使防御提高 <color=#6FA8FF>{1}%，并反弹相当于 <color=#FF8A3D>{2}%攻击的伤害。达到 <color=#94FF40>{3} 层时，获得相当于最大生命 <color=#94FF40>{4}%的护盾。,每 <color=#94FF40>{0} 秒獲得1層冰霜護甲。每層使防禦提高 <color=#6FA8FF>{1}%，並反彈相當於 <color=#FF8A3D>{2}%攻擊的傷害。達到 <color=#94FF40>{3} 層時，獲得相當於最大生命 <color=#94FF40>{4}%的護盾。,"Recebe 1 acumulação de Armadura Gélida a cada <color=#94FF40>{0} s. Cada acumulação aumenta a DEF em <color=#6FA8FF>{1}% e reflete dano equivalente a <color=#FF8A3D>{2}% do ATQ. Com <color=#94FF40>{3} acumulações, recebe um escudo igual a <color=#94FF40>{4}% dos PV máximos.","Recebe 1 acúmulo de Armadura Gélida a cada <color=#94FF40>{0} s. Cada acúmulo aumenta a DEF em <color=#6FA8FF>{1}% e reflete dano equivalente a <color=#FF8A3D>{2}% do ATQ. Com <color=#94FF40>{3} acúmulos, recebe um escudo igual a <color=#94FF40>{4}% dos PV máximos.","Obtiene 1 acumulación de Armadura de Hielo cada <color=#94FF40>{0} s. Cada acumulación aumenta la DEF un <color=#6FA8FF>{1}% y refleja daño equivalente a <color=#FF8A3D>{2}% del ATQ. Con <color=#94FF40>{3} acumulaciones, obtiene un escudo igual al <color=#94FF40>{4}% de los PS máximos.","Obtiene 1 acumulación de Armadura de Hielo cada <color=#94FF40>{0} s. Cada acumulación aumenta la DEF un <color=#6FA8FF>{1}% y refleja daño equivalente a <color=#FF8A3D>{2}% del ATQ. Con <color=#94FF40>{3} acumulaciones, obtiene un escudo igual al <color=#94FF40>{4}% de los PV máximos.",ได้รับเกราะน้ำแข็ง 1 ชั้นทุก <color=#94FF40>{0} วินาที แต่ละชั้นเพิ่ม DEF <color=#6FA8FF>{1}% และสะท้อนความเสียหายเท่ากับ <color=#FF8A3D>{2}% ATK เมื่อครบ <color=#94FF40>{3} ชั้น จะได้รับโล่เท่ากับ <color=#94FF40>{4}% ของ HP สูงสุด,"Mendapatkan 1 stack Frost Armor setiap <color=#94FF40>{0} dtk. Setiap stack meningkatkan DEF sebesar <color=#6FA8FF>{1}% dan memantulkan damage sebesar <color=#FF8A3D>{2}% ATK. Saat mencapai <color=#94FF40>{3} stack, memperoleh perisai sebesar <color=#94FF40>{4}% Max HP.",<color=#94FF40>{0}초마다 서리 갑옷을 1중첩 획득합니다. 중첩당 방어력이 <color=#6FA8FF>{1}% 증가하고 <color=#FF8A3D>{2}% 공격력만큼 피해를 반사합니다. <color=#94FF40>{3}중첩 시 최대 HP의 <color=#94FF40>{4}%만큼 보호막을 획득합니다.,يحصل على طبقة واحدة من درع الصقيع كل <color=#94FF40>{0} ث. تزيد كل طبقة الدفاع بنسبة <color=#6FA8FF>{1}% وتعكس ضررًا يعادل <color=#FF8A3D>{2}% من الهجوم. عند بلوغ <color=#94FF40>{3} طبقات، يحصل على درع يعادل <color=#94FF40>{4}% من الحد الأقصى لنقاط الصحة.,<color=#94FF40>{0}秒ごとに氷霜の鎧を1スタック獲得する。1スタックごとに防御力が<color=#6FA8FF>{1}%増加し、攻撃力の<color=#FF8A3D>{2}%分のダメージを反射する。<color=#94FF40>{3}スタックに達すると、最大HPの<color=#94FF40>{4}%分のシールドを獲得する。,Каждые <color=#94FF40>{0} сек. получает 1 эффект Ледяной Брони. Каждый эффект повышает ЗАЩ на <color=#6FA8FF>{1}% и отражает урон в размере <color=#FF8A3D>{2}% АТК. При <color=#94FF40>{3} эффектах получает щит в размере <color=#94FF40>{4}% макс. ОЗ.,Her <color=#94FF40>{0} sn. 1 Buz Zırhı yükü kazanır. Her yük Savunmayı <color=#6FA8FF>{1}% artırır ve <color=#FF8A3D>{2}% Saldırı kadar hasarı yansıtır. <color=#94FF40>{3} yüke ulaşıldığında Maks. Canın <color=#94FF40>{4}% kadarı bir kalkan kazanır.
ui_Mona_passive_decs,"Each attack grants 1 Water Note, while casting the Ultimate grants <color=#94FF40>{0} notes. Each note increases Skill DMG by <color=#FF8A3D>{1}%; at <color=#94FF40>{2} notes, activates Resonance for <color=#C58CFF>{3}s.","Mỗi đòn đánh nhận 1 Nốt Nước, dùng Tuyệt Kỹ nhận <color=#94FF40>{0}</color> nốt. Mỗi nốt tăng <color=#FF8A3D>{1}</color>% Sát Thương Kỹ Năng; đủ <color=#94FF40>{2}</color> nốt kích hoạt Cộng Hưởng trong <color=#C58CFF>{3}</color> giây.","Jeder Angriff gewährt 1 Wassernote, der Einsatz der Ultimativfähigkeit gewährt <color=#94FF40>{0} Noten. Jede Note erhöht den Fähigkeitsschaden um <color=#FF8A3D>{1}%; bei <color=#94FF40>{2} Noten wird für <color=#C58CFF>{3} Sek. Resonanz aktiviert.","Ogni attacco conferisce 1 Nota d'Acqua, mentre l'Ultimate ne conferisce <color=#94FF40>{0}. Ogni nota aumenta il Danno Abilità del <color=#FF8A3D>{1}%; a <color=#94FF40>{2} note, attiva Risonanza per <color=#C58CFF>{3} sec.","Chaque attaque confère 1 Note d'Eau, tandis que l'Ultime en confère <color=#94FF40>{0}. Chaque note augmente les Dégâts de Compétence de <color=#FF8A3D>{1}%. À <color=#94FF40>{2} notes, active Résonance pendant <color=#C58CFF>{3} s.",每次攻击获得1个水之音符，释放终极技能时获得 <color=#94FF40>{0} 个音符。每个音符使技能伤害提高 <color=#FF8A3D>{1}%；达到 <color=#94FF40>{2} 个音符时，触发持续 <color=#C58CFF>{3} 秒的共鸣。,每次攻擊獲得1個水之音符，施放終極技能時獲得 <color=#94FF40>{0} 個音符。每個音符使技能傷害提高 <color=#FF8A3D>{1}%；達到 <color=#94FF40>{2} 個音符時，觸發持續 <color=#C58CFF>{3} 秒的共鳴。,"Cada ataque concede 1 Nota de Água, enquanto a Ultimate concede <color=#94FF40>{0} notas. Cada nota aumenta o Dano de Habilidade em <color=#FF8A3D>{1}%; com <color=#94FF40>{2} notas, ativa Ressonância durante <color=#C58CFF>{3} s.","Cada ataque concede 1 Nota de Água, enquanto a Ultimate concede <color=#94FF40>{0} notas. Cada nota aumenta o Dano de Habilidade em <color=#FF8A3D>{1}%; com <color=#94FF40>{2} notas, ativa Ressonância por <color=#C58CFF>{3} s.","Cada ataque otorga 1 Nota de Agua, mientras que la Definitiva otorga <color=#94FF40>{0} notas. Cada nota aumenta el Daño de Habilidad un <color=#FF8A3D>{1}%; al alcanzar <color=#94FF40>{2} notas, activa Resonancia durante <color=#C58CFF>{3} s.","Cada ataque otorga 1 Nota de Agua, mientras que la Definitiva otorga <color=#94FF40>{0} notas. Cada nota aumenta el Daño de Habilidad un <color=#FF8A3D>{1}%; al alcanzar <color=#94FF40>{2} notas, activa Resonancia durante <color=#C58CFF>{3} s.",ทุกการโจมตีได้รับโน้ตน้ำ 1 ตัว และเมื่อใช้ท่าไม้ตายจะได้รับ <color=#94FF40>{0} ตัว โน้ตแต่ละตัวเพิ่มความเสียหายสกิล <color=#FF8A3D>{1}% เมื่อครบ <color=#94FF40>{2} ตัว จะเปิดใช้เสียงประสานเป็นเวลา <color=#C58CFF>{3} วินาที,"Setiap serangan memberikan 1 Water Note, sedangkan Ultimate memberikan <color=#94FF40>{0} note. Setiap note meningkatkan Skill DMG sebesar <color=#FF8A3D>{1}%; saat mencapai <color=#94FF40>{2} note, mengaktifkan Resonance selama <color=#C58CFF>{3} dtk.","공격할 때마다 물의 음표를 1개 획득하고, 궁극기 사용 시 <color=#94FF40>{0}개를 획득합니다. 음표 1개당 스킬 피해가 <color=#FF8A3D>{1}% 증가하며, <color=#94FF40>{2}개가 되면 <color=#C58CFF>{3}초 동안 공명을 활성화합니다.",يمنح كل هجوم نغمة ماء واحدة، بينما تمنح المهارة النهائية <color=#94FF40>{0} نغمات. تزيد كل نغمة ضرر المهارة بنسبة <color=#FF8A3D>{1}%. عند بلوغ <color=#94FF40>{2} نغمات، يتم تفعيل التناغم لمدة <color=#C58CFF>{3} ث.,攻撃するたびに水の音符を1個獲得し、必殺技使用時に<color=#94FF40>{0}個獲得する。音符1個につきスキルダメージが<color=#FF8A3D>{1}%増加し、<color=#94FF40>{2}個に達すると<color=#C58CFF>{3}秒間、共鳴を発動する。,"Каждая атака даёт 1 Ноту Воды, а применение ультимейта — <color=#94FF40>{0} нот. Каждая нота повышает урон навыков на <color=#FF8A3D>{1}%. При <color=#94FF40>{2} нотах активируется Резонанс на <color=#C58CFF>{3} сек.","Her saldırı 1 Su Notası, Ulti kullanımı ise <color=#94FF40>{0} nota kazandırır. Her nota Yetenek Hasarını <color=#FF8A3D>{1}% artırır; <color=#94FF40>{2} notaya ulaşıldığında <color=#C58CFF>{3} sn. boyunca Rezonans etkinleşir."
ui_Basset_ultimate_decs,"Bastet unleashes <color=#94FF40>{0} assassination waves, each dealing <color=#FF8A3D>{1}% ATK to up to <color=#94FF40>{2} enemies. When a target is defeated, immediately unleashes 1 additional wave across the entire battlefield.","Bastet tung <color=#94FF40>{0}</color> đợt ám sát, mỗi đợt gây <color=#FF8A3D>{1}</color>% ATK lên tối đa <color=#94FF40>{2}</color> kẻ địch. Khi kết liễu mục tiêu, lập tức tung thêm 1 đợt trên toàn chiến trường.","Bastet entfesselt <color=#94FF40>{0} Attentatswellen, die jeweils bis zu <color=#94FF40>{2} Gegnern <color=#FF8A3D>{1}% ANG als Schaden zufügen. Wird ein Ziel besiegt, wird sofort 1 weitere Welle über das gesamte Schlachtfeld entfesselt.","Bastet scatena <color=#94FF40>{0} ondate di assassinio, ciascuna infligge <color=#FF8A3D>{1}% ATT a un massimo di <color=#94FF40>{2} nemici. Quando elimina un bersaglio, scatena immediatamente 1 ondata aggiuntiva su tutto il campo di battaglia.","Bastet déclenche <color=#94FF40>{0} vagues d'assassinat, chacune infligeant <color=#FF8A3D>{1}% d'ATQ à un maximum de <color=#94FF40>{2} ennemis. Lorsqu'une cible est éliminée, déclenche immédiatement 1 vague supplémentaire sur tout le champ de bataille.",Bastet发动 <color=#94FF40>{0} 轮暗杀，每轮对最多 <color=#94FF40>{2} 名敌人造成 <color=#FF8A3D>{1}%攻击的伤害。击败目标后，立即对全战场追加1轮攻击。,Bastet發動 <color=#94FF40>{0} 輪暗殺，每輪對最多 <color=#94FF40>{2} 名敵人造成 <color=#FF8A3D>{1}%攻擊的傷害。擊敗目標後，立即對全戰場追加1輪攻擊。,"Bastet desfere <color=#94FF40>{0} vagas de assassinato, cada uma causando <color=#FF8A3D>{1}% de ATQ a até <color=#94FF40>{2} inimigos. Ao derrotar um alvo, desfere imediatamente 1 vaga adicional em todo o campo de batalha.","Bastet desfere <color=#94FF40>{0} ondas de assassinato, cada uma causando <color=#FF8A3D>{1}% de ATQ a até <color=#94FF40>{2} inimigos. Ao derrotar um alvo, desfere imediatamente 1 onda adicional em todo o campo de batalha.","Bastet desata <color=#94FF40>{0} oleadas de asesinato, cada una inflige <color=#FF8A3D>{1}% de ATQ a un máximo de <color=#94FF40>{2} enemigos. Al derrotar a un objetivo, lanza inmediatamente 1 oleada adicional en todo el campo de batalla.","Bastet desata <color=#94FF40>{0} oleadas de asesinato, cada una causa <color=#FF8A3D>{1}% de ATQ a un máximo de <color=#94FF40>{2} enemigos. Al derrotar a un objetivo, lanza inmediatamente 1 oleada adicional en todo el campo de batalla.",Bastet ปล่อยคลื่นลอบสังหาร <color=#94FF40>{0} ระลอก แต่ละระลอกสร้างความเสียหาย <color=#FF8A3D>{1}% ATK แก่ศัตรูสูงสุด <color=#94FF40>{2} ตัว เมื่อกำจัดเป้าหมายได้ จะปล่อยเพิ่มอีก 1 ระลอกทั่วทั้งสนามรบทันที,"Bastet melancarkan <color=#94FF40>{0} gelombang pembunuhan, masing-masing memberikan <color=#FF8A3D>{1}% ATK kepada hingga <color=#94FF40>{2} musuh. Saat target dikalahkan, langsung melancarkan 1 gelombang tambahan ke seluruh medan perang.","Bastet가 <color=#94FF40>{0}회의 암살 파동을 일으켜, 각 파동마다 최대 <color=#94FF40>{2}명의 적에게 <color=#FF8A3D>{1}% 공격력의 피해를 줍니다. 적을 처치하면 즉시 전장 전체에 추가 파동 1회를 발동합니다.",تطلق Bastet <color=#94FF40>{0} موجات اغتيال، تسبب كل موجة ضررًا يعادل <color=#FF8A3D>{1}% من الهجوم لما يصل إلى <color=#94FF40>{2} من الأعداء. عند القضاء على هدف، تطلق فورًا موجة إضافية واحدة في ساحة المعركة بأكملها.,Bastetが<color=#94FF40>{0}回の暗殺波を放ち、1回につき最大<color=#94FF40>{2}体の敵に攻撃力の<color=#FF8A3D>{1}%のダメージを与える。敵を倒すと、即座に戦場全体へ追加で1回放つ。,"Bastet выпускает <color=#94FF40>{0} волн убийства, каждая наносит <color=#FF8A3D>{1}% АТК до <color=#94FF40>{2} врагам. При добивании цели немедленно выпускает ещё 1 волну по всему полю боя.",Bastet <color=#94FF40>{0} suikast dalgası gönderir. Her dalga en fazla <color=#94FF40>{2} düşmana <color=#FF8A3D>{1}% Saldırı kadar hasar verir. Bir hedefi öldürdüğünde tüm savaş alanında anında 1 ek dalga gönderir.
ui_Notting-ham Wood_ultimate_decs,"Summons the Ancient Forest for <color=#C58CFF>{0}s, creating <color=#94FF40>{1} waves of wooden spikes. Each wave deals <color=#FF8A3D>{2}% ATK as Nature DMG and automatically switches targets when an enemy is defeated.","Triệu hồi Rừng Cổ trong <color=#C58CFF>{0}</color> giây, tạo <color=#94FF40>{1}</color> đợt gai gỗ. Mỗi đợt gây <color=#FF8A3D>{2}</color>% ATK sát thương Mộc và tự đổi mục tiêu khi kẻ địch bị hạ.","Beschwört für <color=#C58CFF>{0} Sek. den Uralten Wald und erzeugt <color=#94FF40>{1} Wellen aus Holzdornen. Jede Welle verursacht <color=#FF8A3D>{2}% ANG als Naturschaden und wechselt automatisch das Ziel, wenn ein Gegner besiegt wird.","Evoca la Foresta Antica per <color=#C58CFF>{0} sec., creando <color=#94FF40>{1} ondate di spine di legno. Ogni ondata infligge <color=#FF8A3D>{2}% ATT come Danno Natura e cambia automaticamente bersaglio quando un nemico viene sconfitto.",Invoque la Forêt Antique pendant <color=#C58CFF>{0} s et crée <color=#94FF40>{1} vagues d'épines de bois. Chaque vague inflige <color=#FF8A3D>{2}% d'ATQ en Dégâts de Nature et change automatiquement de cible lorsqu'un ennemi est vaincu.,召唤持续 <color=#C58CFF>{0} 秒的远古森林，生成 <color=#94FF40>{1} 轮木刺。每轮造成 <color=#FF8A3D>{2}%攻击的自然伤害，并在敌人被击败后自动切换目标。,召喚持續 <color=#C58CFF>{0} 秒的遠古森林，生成 <color=#94FF40>{1} 輪木刺。每輪造成 <color=#FF8A3D>{2}%攻擊的自然傷害，並在敵人被擊敗後自動切換目標。,"Invoca a Floresta Antiga durante <color=#C58CFF>{0} s, criando <color=#94FF40>{1} vagas de espinhos de madeira. Cada vaga causa <color=#FF8A3D>{2}% de ATQ como Dano de Natureza e muda automaticamente de alvo quando um inimigo é derrotado.","Invoca a Floresta Antiga por <color=#C58CFF>{0} s, criando <color=#94FF40>{1} ondas de espinhos de madeira. Cada onda causa <color=#FF8A3D>{2}% de ATQ como Dano de Natureza e muda automaticamente de alvo quando um inimigo é derrotado.",Invoca el Bosque Antiguo durante <color=#C58CFF>{0} s y crea <color=#94FF40>{1} oleadas de espinas de madera. Cada oleada inflige <color=#FF8A3D>{2}% de ATQ como Daño de Naturaleza y cambia automáticamente de objetivo cuando un enemigo es derrotado.,Invoca el Bosque Antiguo durante <color=#C58CFF>{0} s y crea <color=#94FF40>{1} oleadas de espinas de madera. Cada oleada causa <color=#FF8A3D>{2}% de ATQ como Daño de Naturaleza y cambia automáticamente de objetivo cuando un enemigo es derrotado.,อัญเชิญป่าโบราณเป็นเวลา <color=#C58CFF>{0} วินาที สร้างหนามไม้ <color=#94FF40>{1} ระลอก แต่ละระลอกสร้างความเสียหายธรรมชาติ <color=#FF8A3D>{2}% ATK และเปลี่ยนเป้าหมายอัตโนมัติเมื่อศัตรูถูกกำจัด,Memanggil Ancient Forest selama <color=#C58CFF>{0} dtk dan menciptakan <color=#94FF40>{1} gelombang duri kayu. Setiap gelombang memberikan <color=#FF8A3D>{2}% ATK sebagai Nature DMG dan otomatis berpindah target saat musuh dikalahkan.,"<color=#C58CFF>{0}초 동안 고대의 숲을 소환해 <color=#94FF40>{1}회의 나무 가시 파동을 생성합니다. 각 파동은 <color=#FF8A3D>{2}% 공격력의 자연 피해를 주며, 적이 처치되면 자동으로 대상을 변경합니다.",تستدعي الغابة القديمة لمدة <color=#C58CFF>{0} ث، وتُنشئ <color=#94FF40>{1} موجات من الأشواك الخشبية. تسبب كل موجة ضرر طبيعة يعادل <color=#FF8A3D>{2}% من الهجوم، وتغيّر الهدف تلقائيًا عند هزيمة أحد الأعداء.,<color=#C58CFF>{0}秒間、古代の森を召喚し、<color=#94FF40>{1}回の木の棘を発生させる。1回につき攻撃力の<color=#FF8A3D>{2}%の自然ダメージを与え、敵が倒されると自動で対象を変更する。,Призывает Древний Лес на <color=#C58CFF>{0} сек. и создаёт <color=#94FF40>{1} волн деревянных шипов. Каждая волна наносит <color=#FF8A3D>{2}% АТК в виде природного урона и автоматически меняет цель после гибели врага.,<color=#C58CFF>{0} sn. boyunca Kadim Ormanı çağırır ve <color=#94FF40>{1} ahşap diken dalgası oluşturur. Her dalga <color=#FF8A3D>{2}% Saldırı kadar Doğa Hasarı verir ve bir düşman yenildiğinde otomatik olarak hedef değiştirir.
ui_Emily_ultimate_decs,"Emily dashes through the enemy formation and slashes <color=#94FF40>{0} times, each dealing <color=#FF8A3D>{1}% ATK. After casting, increases Crit Rate by <color=#FFD84A>{2}% for <color=#C58CFF>{3}s.","Emily lướt xuyên đội hình và chém <color=#94FF40>{0}</color> lần, mỗi lần gây <color=#FF8A3D>{1}</color>% ATK. Sau khi dùng kỹ năng, tăng <color=#FFD84A>{2}</color>% Tỉ Lệ Bạo Kích trong <color=#C58CFF>{3}</color> giây.",Emily stürmt durch die gegnerische Formation und schlägt <color=#94FF40>{0}-mal zu. Jeder Treffer verursacht <color=#FF8A3D>{1}% ANG als Schaden. Nach dem Einsatz steigt die Krit-Rate für <color=#C58CFF>{3} Sek. um <color=#FFD84A>{2}%.,"Emily attraversa la formazione nemica e colpisce <color=#94FF40>{0} volte, infliggendo ogni volta <color=#FF8A3D>{1}% ATT. Dopo l'uso, aumenta la Prob. Critico del <color=#FFD84A>{2}% per <color=#C58CFF>{3} sec.","Emily traverse la formation ennemie et frappe <color=#94FF40>{0} fois, chaque frappe infligeant <color=#FF8A3D>{1}% d'ATQ. Après l'utilisation, augmente le Taux Critique de <color=#FFD84A>{2}% pendant <color=#C58CFF>{3} s.",Emily冲穿敌方阵型并斩击 <color=#94FF40>{0} 次，每次造成 <color=#FF8A3D>{1}%攻击的伤害。释放技能后，暴击率提高 <color=#FFD84A>{2}%，持续 <color=#C58CFF>{3} 秒。,Emily衝穿敵方陣型並斬擊 <color=#94FF40>{0} 次，每次造成 <color=#FF8A3D>{1}%攻擊的傷害。施放技能後，暴擊率提高 <color=#FFD84A>{2}%，持續 <color=#C58CFF>{3} 秒。,"Emily atravessa a formação inimiga e golpeia <color=#94FF40>{0} vezes, causando <color=#FF8A3D>{1}% de ATQ por golpe. Após usar a habilidade, aumenta a Taxa Crítica em <color=#FFD84A>{2}% durante <color=#C58CFF>{3} s.","Emily atravessa a formação inimiga e golpeia <color=#94FF40>{0} vezes, causando <color=#FF8A3D>{1}% de ATQ por golpe. Após usar a habilidade, aumenta a Taxa Crítica em <color=#FFD84A>{2}% por <color=#C58CFF>{3} s.","Emily atraviesa la formación enemiga y golpea <color=#94FF40>{0} veces, infligiendo <color=#FF8A3D>{1}% de ATQ por golpe. Tras usar la habilidad, aumenta la Prob. Crítico un <color=#FFD84A>{2}% durante <color=#C58CFF>{3} s.","Emily atraviesa la formación enemiga y golpea <color=#94FF40>{0} veces, causando <color=#FF8A3D>{1}% de ATQ por golpe. Tras usar la habilidad, aumenta la Prob. Crítico un <color=#FFD84A>{2}% durante <color=#C58CFF>{3} s.",Emily พุ่งผ่านแนวศัตรูและฟัน <color=#94FF40>{0} ครั้ง แต่ละครั้งสร้างความเสียหาย <color=#FF8A3D>{1}% ATK หลังใช้สกิล เพิ่มอัตราคริติคอล <color=#FFD84A>{2}% เป็นเวลา <color=#C58CFF>{3} วินาที,"Emily menerjang menembus formasi musuh dan menebas <color=#94FF40>{0} kali, masing-masing memberikan <color=#FF8A3D>{1}% ATK. Setelah digunakan, meningkatkan Crit Rate sebesar <color=#FFD84A>{2}% selama <color=#C58CFF>{3} dtk.","Emily가 적 진형을 관통하며 <color=#94FF40>{0}회 베어, 타격마다 <color=#FF8A3D>{1}% 공격력의 피해를 줍니다. 스킬 사용 후 <color=#C58CFF>{3}초 동안 치명타 확률이 <color=#FFD84A>{2}% 증가합니다.",تندفع Emily عبر تشكيل الأعداء وتضرب <color=#94FF40>{0} مرات، وتسبب كل ضربة ضررًا يعادل <color=#FF8A3D>{1}% من الهجوم. بعد استخدام المهارة، يزيد معدل الضربة الحرجة بنسبة <color=#FFD84A>{2}% لمدة <color=#C58CFF>{3} ث.,Emilyが敵陣を駆け抜けて<color=#94FF40>{0}回斬撃し、1回につき攻撃力の<color=#FF8A3D>{1}%のダメージを与える。スキル使用後、<color=#C58CFF>{3}秒間、会心率が<color=#FFD84A>{2}%増加する。,"Emily прорывается сквозь строй врагов и наносит <color=#94FF40>{0} ударов, каждый причиняет <color=#FF8A3D>{1}% АТК. После применения шанс крита повышается на <color=#FFD84A>{2}% на <color=#C58CFF>{3} сек.",Emily düşman diziliminin içinden geçerek <color=#94FF40>{0} kez keser. Her vuruş <color=#FF8A3D>{1}% Saldırı kadar hasar verir. Yetenek kullanıldıktan sonra Kritik Oranı <color=#C58CFF>{3} sn. boyunca <color=#FFD84A>{2}% artar.
ui_Ophelia_ultimate_decs,"Fires <color=#94FF40>{0} Moon Waves through targets in a fan-shaped area, each dealing <color=#FF8A3D>{1}% ATK. Enemies caught in overlapping areas can be hit multiple times.","Bắn <color=#94FF40>{0}</color> Sóng Trăng xuyên mục tiêu theo hình quạt, mỗi sóng gây <color=#FF8A3D>{1}</color>% ATK. Kẻ địch trong vùng giao nhau có thể trúng nhiều lần.","Feuert <color=#94FF40>{0} Mondwellen fächerförmig durch Ziele, die jeweils <color=#FF8A3D>{1}% ANG als Schaden verursachen. Gegner in überlappenden Bereichen können mehrfach getroffen werden.","Scaglia <color=#94FF40>{0} Onde Lunari attraverso i bersagli in un'area a ventaglio, ciascuna infligge <color=#FF8A3D>{1}% ATT. I nemici nelle aree sovrapposte possono essere colpiti più volte.","Tire <color=#94FF40>{0} Ondes Lunaires à travers les cibles dans une zone en éventail, chacune infligeant <color=#FF8A3D>{1}% d'ATQ. Les ennemis situés dans des zones qui se chevauchent peuvent être touchés plusieurs fois.",向扇形区域发射 <color=#94FF40>{0} 道月光波，每道造成 <color=#FF8A3D>{1}%攻击的伤害。位于重叠区域内的敌人可能被多次命中。,向扇形區域發射 <color=#94FF40>{0} 道月光波，每道造成 <color=#FF8A3D>{1}%攻擊的傷害。位於重疊區域內的敵人可能被多次命中。,"Dispara <color=#94FF40>{0} Ondas Lunares através dos alvos numa área em leque, cada uma causando <color=#FF8A3D>{1}% de ATQ. Inimigos em áreas sobrepostas podem ser atingidos várias vezes.","Dispara <color=#94FF40>{0} Ondas Lunares através dos alvos em uma área em leque, cada uma causando <color=#FF8A3D>{1}% de ATQ. Inimigos em áreas sobrepostas podem ser atingidos várias vezes.","Dispara <color=#94FF40>{0} Ondas Lunares a través de los objetivos en un área en abanico, cada una inflige <color=#FF8A3D>{1}% de ATQ. Los enemigos situados en zonas superpuestas pueden ser golpeados varias veces.","Dispara <color=#94FF40>{0} Ondas Lunares a través de los objetivos en un área en abanico, cada una causa <color=#FF8A3D>{1}% de ATQ. Los enemigos situados en zonas superpuestas pueden ser golpeados varias veces.",ยิงคลื่นจันทร์ <color=#94FF40>{0} ระลอกทะลุเป้าหมายในพื้นที่รูปพัด แต่ละระลอกสร้างความเสียหาย <color=#FF8A3D>{1}% ATK ศัตรูในพื้นที่ซ้อนทับสามารถถูกโจมตีได้หลายครั้ง,"Menembakkan <color=#94FF40>{0} Moon Wave menembus target dalam area berbentuk kipas, masing-masing memberikan <color=#FF8A3D>{1}% ATK. Musuh di area yang saling tumpang tindih dapat terkena beberapa kali.","부채꼴 범위로 대상을 관통하는 달의 파동을 <color=#94FF40>{0}회 발사하며, 각 파동은 <color=#FF8A3D>{1}% 공격력의 피해를 줍니다. 범위가 겹치는 곳의 적은 여러 번 피격될 수 있습니다.",تطلق <color=#94FF40>{0} موجات قمرية تخترق الأهداف ضمن منطقة على شكل مروحة، وتسبب كل موجة ضررًا يعادل <color=#FF8A3D>{1}% من الهجوم. يمكن إصابة الأعداء في المناطق المتداخلة عدة مرات.,扇状範囲に対象を貫通する月光波を<color=#94FF40>{0}回放ち、1回につき攻撃力の<color=#FF8A3D>{1}%のダメージを与える。範囲が重なる場所の敵は複数回命中することがある。,"Выпускает <color=#94FF40>{0} Лунных Волн, проходящих сквозь цели в веерообразной области. Каждая наносит <color=#FF8A3D>{1}% АТК. Враги в пересекающихся областях могут получить несколько ударов.",Yelpaze biçimli bir alanda hedeflerin içinden geçen <color=#94FF40>{0} Ay Dalgası fırlatır. Her dalga <color=#FF8A3D>{1}% Saldırı kadar hasar verir. Kesişen alanlardaki düşmanlar birden fazla kez vurulabilir.
ui_Hatshepsut_ultimate_decs,"Summons <color=#94FF40>{0} sand meteors at the area with the most enemies, each dealing <color=#FF8A3D>{1}% ATK to all enemies within the area.","Triệu hồi <color=#94FF40>{0}</color> thiên thạch cát vào khu vực đông địch nhất, mỗi thiên thạch gây <color=#FF8A3D>{1}</color>% ATK lên mọi kẻ địch trong vùng.",Beschwört <color=#94FF40>{0} Sandmeteoriten im Gebiet mit den meisten Gegnern. Jeder Meteorit verursacht allen Gegnern im Bereich <color=#FF8A3D>{1}% ANG als Schaden.,"Evoca <color=#94FF40>{0} meteoriti di sabbia nell'area con più nemici, ciascuno infligge <color=#FF8A3D>{1}% ATT a tutti i nemici nell'area.","Invoque <color=#94FF40>{0} météorites de sable dans la zone contenant le plus d'ennemis, chacune infligeant <color=#FF8A3D>{1}% d'ATQ à tous les ennemis dans la zone.",在敌人最密集的区域召唤 <color=#94FF40>{0} 颗沙之陨石，每颗对范围内所有敌人造成 <color=#FF8A3D>{1}%攻击的伤害。,在敵人最密集的區域召喚 <color=#94FF40>{0} 顆沙之隕石，每顆對範圍內所有敵人造成 <color=#FF8A3D>{1}%攻擊的傷害。,"Invoca <color=#94FF40>{0} meteoritos de areia na área com mais inimigos, cada um causando <color=#FF8A3D>{1}% de ATQ a todos os inimigos na área.","Invoca <color=#94FF40>{0} meteoritos de areia na área com mais inimigos, cada um causando <color=#FF8A3D>{1}% de ATQ a todos os inimigos na área.","Invoca <color=#94FF40>{0} meteoritos de arena en la zona con más enemigos, cada uno inflige <color=#FF8A3D>{1}% de ATQ a todos los enemigos del área.","Invoca <color=#94FF40>{0} meteoritos de arena en la zona con más enemigos, cada uno causa <color=#FF8A3D>{1}% de ATQ a todos los enemigos del área.",อัญเชิญอุกกาบาตทราย <color=#94FF40>{0} ลูกลงในพื้นที่ที่มีศัตรูหนาแน่นที่สุด แต่ละลูกสร้างความเสียหาย <color=#FF8A3D>{1}% ATK แก่ศัตรูทั้งหมดในพื้นที่,"Memanggil <color=#94FF40>{0} meteor pasir ke area dengan musuh terbanyak, masing-masing memberikan <color=#FF8A3D>{1}% ATK kepada semua musuh di area.","적이 가장 많은 지역에 모래 운석 <color=#94FF40>{0}개를 소환하며, 각 운석은 범위 내 모든 적에게 <color=#FF8A3D>{1}% 공격력의 피해를 줍니다.",تستدعي <color=#94FF40>{0} نيازك رملية في المنطقة الأكثر اكتظاظًا بالأعداء، ويسبب كل نيزك ضررًا يعادل <color=#FF8A3D>{1}% من الهجوم لجميع الأعداء داخل المنطقة.,敵が最も多い地点に砂の隕石を<color=#94FF40>{0}個召喚し、1個につき範囲内の全ての敵に攻撃力の<color=#FF8A3D>{1}%のダメージを与える。,Призывает <color=#94FF40>{0} песчаных метеоритов в область с наибольшим числом врагов. Каждый наносит всем врагам в области <color=#FF8A3D>{1}% АТК.,En fazla düşmanın bulunduğu alana <color=#94FF40>{0} kum meteoru çağırır. Her meteor alandaki tüm düşmanlara <color=#FF8A3D>{1}% Saldırı kadar hasar verir.
ui_Brandon-Lowen_ultimate_decs,"Fires a stream of blazing light for <color=#C58CFF>{0}s, dealing <color=#FF8A3D>{1}% ATK every <color=#94FF40>{2}s to all enemies in a straight line.","Phóng luồng hỏa quang trong <color=#C58CFF>{0}</color> giây, gây <color=#FF8A3D>{1}</color>% ATK mỗi <color=#94FF40>{2}</color> giây lên mọi kẻ địch trên đường thẳng.","Feuert für <color=#C58CFF>{0} Sek. einen Strahl aus Flammenlicht ab, der allen Gegnern in einer geraden Linie alle <color=#94FF40>{2} Sek. <color=#FF8A3D>{1}% ANG als Schaden zufügt.","Scaglia un raggio di luce infuocata per <color=#C58CFF>{0} sec., infliggendo <color=#FF8A3D>{1}% ATT ogni <color=#94FF40>{2} sec. a tutti i nemici lungo una linea retta.","Projette un rayon de lumière enflammée pendant <color=#C58CFF>{0} s, infligeant <color=#FF8A3D>{1}% d'ATQ toutes les <color=#94FF40>{2} s à tous les ennemis en ligne droite.",持续 <color=#C58CFF>{0} 秒释放烈焰光束，每 <color=#94FF40>{2} 秒对直线上的所有敌人造成 <color=#FF8A3D>{1}%攻击的伤害。,持續 <color=#C58CFF>{0} 秒釋放烈焰光束，每 <color=#94FF40>{2} 秒對直線上的所有敵人造成 <color=#FF8A3D>{1}%攻擊的傷害。,"Dispara um feixe de luz flamejante durante <color=#C58CFF>{0} s, causando <color=#FF8A3D>{1}% de ATQ a cada <color=#94FF40>{2} s a todos os inimigos em linha reta.","Dispara um feixe de luz flamejante por <color=#C58CFF>{0} s, causando <color=#FF8A3D>{1}% de ATQ a cada <color=#94FF40>{2} s a todos os inimigos em linha reta.","Dispara un rayo de luz ardiente durante <color=#C58CFF>{0} s, infligiendo <color=#FF8A3D>{1}% de ATQ cada <color=#94FF40>{2} s a todos los enemigos en línea recta.","Dispara un rayo de luz ardiente durante <color=#C58CFF>{0} s, causando <color=#FF8A3D>{1}% de ATQ cada <color=#94FF40>{2} s a todos los enemigos en línea recta.",ปล่อยลำแสงเพลิงเป็นเวลา <color=#C58CFF>{0} วินาที สร้างความเสียหาย <color=#FF8A3D>{1}% ATK ทุก <color=#94FF40>{2} วินาที แก่ศัตรูทั้งหมดในแนวเส้นตรง,"Menembakkan aliran cahaya api selama <color=#C58CFF>{0} dtk, memberikan <color=#FF8A3D>{1}% ATK setiap <color=#94FF40>{2} dtk kepada semua musuh dalam garis lurus.","<color=#C58CFF>{0}초 동안 화염 광선을 발사해, 직선상의 모든 적에게 <color=#94FF40>{2}초마다 <color=#FF8A3D>{1}% 공격력의 피해를 줍니다.",تطلق شعاعًا ناريًا لمدة <color=#C58CFF>{0} ث، يسبب ضررًا يعادل <color=#FF8A3D>{1}% من الهجوم كل <color=#94FF40>{2} ث لجميع الأعداء في خط مستقيم.,<color=#C58CFF>{0}秒間、炎の光線を放ち、直線上の全ての敵に<color=#94FF40>{2}秒ごとに攻撃力の<color=#FF8A3D>{1}%のダメージを与える。,"В течение <color=#C58CFF>{0} сек. выпускает поток огненного света, наносящий всем врагам на прямой линии <color=#FF8A3D>{1}% АТК каждые <color=#94FF40>{2} сек.",<color=#C58CFF>{0} sn. boyunca alevli bir ışın fırlatır ve düz bir çizgideki tüm düşmanlara her <color=#94FF40>{2} sn.de <color=#FF8A3D>{1}% Saldırı kadar hasar verir.
ui_Robert_ultimate_decs,"Unleashes a cone-shaped barrage for <color=#C58CFF>{0}s with <color=#94FF40>{1} hits, each dealing <color=#FF8A3D>{2}% ATK to enemies within the firing area.","Xả đạn theo hình nón trong <color=#C58CFF>{0}</color> giây với <color=#94FF40>{1}</color> hit, mỗi hit gây <color=#FF8A3D>{2}</color>% ATK lên kẻ địch trong vùng hỏa lực.",Feuert für <color=#C58CFF>{0} Sek. eine kegelförmige Salve mit <color=#94FF40>{1} Treffern ab. Jeder Treffer verursacht Gegnern im Feuerbereich <color=#FF8A3D>{2}% ANG als Schaden.,"Spara una raffica a cono per <color=#C58CFF>{0} sec. con <color=#94FF40>{1} colpi, ciascuno infligge <color=#FF8A3D>{2}% ATT ai nemici nell'area di fuoco.","Déchaîne un barrage en cône pendant <color=#C58CFF>{0} s avec <color=#94FF40>{1} impacts, chacun infligeant <color=#FF8A3D>{2}% d'ATQ aux ennemis dans la zone de tir.",持续 <color=#C58CFF>{0} 秒向锥形区域扫射，共造成 <color=#94FF40>{1} 次命中，每次对火力范围内的敌人造成 <color=#FF8A3D>{2}%攻击的伤害。,持續 <color=#C58CFF>{0} 秒向錐形區域掃射，共造成 <color=#94FF40>{1} 次命中，每次對火力範圍內的敵人造成 <color=#FF8A3D>{2}%攻擊的傷害。,"Dispara uma rajada em cone durante <color=#C58CFF>{0} s com <color=#94FF40>{1} acertos, cada um causando <color=#FF8A3D>{2}% de ATQ aos inimigos na área de fogo.","Dispara uma rajada em cone por <color=#C58CFF>{0} s com <color=#94FF40>{1} acertos, cada um causando <color=#FF8A3D>{2}% de ATQ aos inimigos na área de fogo.","Desata una ráfaga en forma de cono durante <color=#C58CFF>{0} s con <color=#94FF40>{1} impactos, cada uno inflige <color=#FF8A3D>{2}% de ATQ a los enemigos dentro del área de disparo.","Desata una ráfaga en forma de cono durante <color=#C58CFF>{0} s con <color=#94FF40>{1} impactos, cada uno causa <color=#FF8A3D>{2}% de ATQ a los enemigos dentro del área de disparo.",กราดยิงเป็นรูปกรวยเป็นเวลา <color=#C58CFF>{0} วินาที รวม <color=#94FF40>{1} ฮิต แต่ละฮิตสร้างความเสียหาย <color=#FF8A3D>{2}% ATK แก่ศัตรูในพื้นที่ยิง,"Menembakkan rentetan berbentuk kerucut selama <color=#C58CFF>{0} dtk dengan <color=#94FF40>{1} hit, masing-masing memberikan <color=#FF8A3D>{2}% ATK kepada musuh dalam area tembakan.","<color=#C58CFF>{0}초 동안 원뿔형 범위에 총 <color=#94FF40>{1}회 사격하며, 타격마다 범위 내 적에게 <color=#FF8A3D>{2}% 공격력의 피해를 줍니다.",تطلق وابلًا مخروطي الشكل لمدة <color=#C58CFF>{0} ث بعدد <color=#94FF40>{1} إصابات، وتسبب كل إصابة ضررًا يعادل <color=#FF8A3D>{2}% من الهجوم للأعداء داخل منطقة النيران.,<color=#C58CFF>{0}秒間、円錐状範囲へ<color=#94FF40>{1}回射撃し、1回につき射撃範囲内の敵に攻撃力の<color=#FF8A3D>{2}%のダメージを与える。,"Ведёт огонь по конусообразной области в течение <color=#C58CFF>{0} сек., нанося <color=#94FF40>{1} ударов. Каждый удар наносит врагам в области огня <color=#FF8A3D>{2}% АТК.",<color=#C58CFF>{0} sn. boyunca koni biçimli bir alana <color=#94FF40>{1} vuruşluk yaylım ateşi açar. Her vuruş ateş alanındaki düşmanlara <color=#FF8A3D>{2}% Saldırı kadar hasar verir.
ui_Edward_ultimate_decs,"Creates a zigzag tornado across the battlefield, dealing <color=#94FF40>{0} hits. Each hit deals <color=#FF8A3D>{1}% ATK, knocks enemies back, and stuns them for <color=#C58CFF>{2}s.","Tạo lốc xoáy ziczac xuyên chiến trường, gây <color=#94FF40>{0}</color> hit; mỗi hit gây <color=#FF8A3D>{1}</color>% ATK, hất lùi và làm choáng <color=#C58CFF>{2}</color> giây.","Erzeugt einen zickzackförmigen Tornado über das Schlachtfeld, der <color=#94FF40>{0} Treffer verursacht. Jeder Treffer verursacht <color=#FF8A3D>{1}% ANG, stößt Gegner zurück und betäubt sie für <color=#C58CFF>{2} Sek.","Crea un tornado a zigzag attraverso il campo di battaglia, infliggendo <color=#94FF40>{0} colpi. Ogni colpo infligge <color=#FF8A3D>{1}% ATT, respinge i nemici e li stordisce per <color=#C58CFF>{2} sec.","Crée une tornade en zigzag à travers le champ de bataille, infligeant <color=#94FF40>{0} impacts. Chaque impact inflige <color=#FF8A3D>{1}% d'ATQ, repousse les ennemis et les étourdit pendant <color=#C58CFF>{2} s.",制造一道以锯齿路线穿过战场的龙卷风，共造成 <color=#94FF40>{0} 次命中。每次造成 <color=#FF8A3D>{1}%攻击的伤害，击退敌人并使其眩晕 <color=#C58CFF>{2} 秒。,製造一道以鋸齒路線穿過戰場的龍捲風，共造成 <color=#94FF40>{0} 次命中。每次造成 <color=#FF8A3D>{1}%攻擊的傷害，擊退敵人並使其暈眩 <color=#C58CFF>{2} 秒。,"Cria um tornado em ziguezague através do campo de batalha, causando <color=#94FF40>{0} acertos. Cada acerto causa <color=#FF8A3D>{1}% de ATQ, repele os inimigos e atordoa-os durante <color=#C58CFF>{2} s.","Cria um tornado em zigue-zague através do campo de batalha, causando <color=#94FF40>{0} acertos. Cada acerto causa <color=#FF8A3D>{1}% de ATQ, repele os inimigos e os atordoa por <color=#C58CFF>{2} s.","Crea un tornado en zigzag a través del campo de batalla, causando <color=#94FF40>{0} impactos. Cada impacto inflige <color=#FF8A3D>{1}% de ATQ, repele a los enemigos y los aturde durante <color=#C58CFF>{2} s.","Crea un tornado en zigzag a través del campo de batalla, causando <color=#94FF40>{0} impactos. Cada impacto causa <color=#FF8A3D>{1}% de ATQ, empuja a los enemigos y los aturde durante <color=#C58CFF>{2} s.",สร้างพายุหมุนซิกแซกพาดผ่านสนามรบ สร้างความเสียหาย <color=#94FF40>{0} ฮิต แต่ละฮิตสร้างความเสียหาย <color=#FF8A3D>{1}% ATK ผลักศัตรูกระเด็นและทำให้มึนงง <color=#C58CFF>{2} วินาที,"Menciptakan tornado zigzag yang melintasi medan perang dan menghasilkan <color=#94FF40>{0} hit. Setiap hit memberikan <color=#FF8A3D>{1}% ATK, mendorong musuh, dan memberikan Stun selama <color=#C58CFF>{2} dtk.",전장을 지그재그로 가로지르는 회오리를 생성해 <color=#94FF40>{0}회 타격합니다. 타격마다 <color=#FF8A3D>{1}% 공격력의 피해를 주고 적을 밀쳐내며 <color=#C58CFF>{2}초 동안 기절시킵니다.,ينشئ إعصارًا متعرجًا يعبر ساحة المعركة ويسبب <color=#94FF40>{0} إصابات. تسبب كل إصابة ضررًا يعادل <color=#FF8A3D>{1}% من الهجوم، وتدفع الأعداء للخلف وتصيبهم بالذهول لمدة <color=#C58CFF>{2} ث.,戦場をジグザグに横切る竜巻を生成し、<color=#94FF40>{0}回攻撃する。1回につき攻撃力の<color=#FF8A3D>{1}%のダメージを与え、敵をノックバックさせ、<color=#C58CFF>{2}秒間スタンさせる。,"Создаёт зигзагообразный смерч, проходящий через всё поле боя и наносящий <color=#94FF40>{0} ударов. Каждый удар наносит <color=#FF8A3D>{1}% АТК, отбрасывает врагов и оглушает их на <color=#C58CFF>{2} сек.","Savaş alanını zikzak çizerek geçen bir hortum oluşturur ve <color=#94FF40>{0} vuruş yapar. Her vuruş <color=#FF8A3D>{1}% Saldırı kadar hasar verir, düşmanları geri iter ve <color=#C58CFF>{2} sn. sersemletir."
ui_Amelia_ultimate_decs,"Creates a Tidal Zone for <color=#C58CFF>{0}s, dealing <color=#94FF40>{1} hits. Each hit deals <color=#FF8A3D>{2}% ATK. When the zone ends, it explodes and deals an additional <color=#FF8A3D>{3}% ATK.","Tạo vùng thủy triều trong <color=#C58CFF>{0}</color> giây, gây <color=#94FF40>{1}</color> hit; mỗi hit gây <color=#FF8A3D>{2}</color>% ATK. Khi kết thúc, phát nổ gây thêm <color=#FF8A3D>{3}</color>% ATK.",Erzeugt für <color=#C58CFF>{0} Sek. eine Gezeitenzone mit <color=#94FF40>{1} Treffern. Jeder Treffer verursacht <color=#FF8A3D>{2}% ANG. Am Ende explodiert die Zone und verursacht zusätzlich <color=#FF8A3D>{3}% ANG.,"Crea una Zona di Marea per <color=#C58CFF>{0} sec., infliggendo <color=#94FF40>{1} colpi. Ogni colpo infligge <color=#FF8A3D>{2}% ATT. Al termine, la zona esplode e infligge altri <color=#FF8A3D>{3}% ATT.","Crée une Zone de Marée pendant <color=#C58CFF>{0} s, infligeant <color=#94FF40>{1} impacts. Chaque impact inflige <color=#FF8A3D>{2}% d'ATQ. À la fin, la zone explose et inflige <color=#FF8A3D>{3}% d'ATQ supplémentaires.",制造持续 <color=#C58CFF>{0} 秒的潮汐领域，共造成 <color=#94FF40>{1} 次命中。每次造成 <color=#FF8A3D>{2}%攻击的伤害。领域结束时爆炸，额外造成 <color=#FF8A3D>{3}%攻击的伤害。,製造持續 <color=#C58CFF>{0} 秒的潮汐領域，共造成 <color=#94FF40>{1} 次命中。每次造成 <color=#FF8A3D>{2}%攻擊的傷害。領域結束時爆炸，額外造成 <color=#FF8A3D>{3}%攻擊的傷害。,"Cria uma Zona de Maré durante <color=#C58CFF>{0} s, causando <color=#94FF40>{1} acertos. Cada acerto causa <color=#FF8A3D>{2}% de ATQ. No fim, a zona explode e causa mais <color=#FF8A3D>{3}% de ATQ.","Cria uma Zona de Maré por <color=#C58CFF>{0} s, causando <color=#94FF40>{1} acertos. Cada acerto causa <color=#FF8A3D>{2}% de ATQ. Ao terminar, a zona explode e causa mais <color=#FF8A3D>{3}% de ATQ.","Crea una Zona de Marea durante <color=#C58CFF>{0} s, causando <color=#94FF40>{1} impactos. Cada impacto inflige <color=#FF8A3D>{2}% de ATQ. Al finalizar, la zona explota e inflige <color=#FF8A3D>{3}% de ATQ adicional.","Crea una Zona de Marea durante <color=#C58CFF>{0} s, causando <color=#94FF40>{1} impactos. Cada impacto causa <color=#FF8A3D>{2}% de ATQ. Al terminar, la zona explota y causa <color=#FF8A3D>{3}% de ATQ adicional.",สร้างเขตคลื่นน้ำเป็นเวลา <color=#C58CFF>{0} วินาที สร้างความเสียหาย <color=#94FF40>{1} ฮิต แต่ละฮิตสร้างความเสียหาย <color=#FF8A3D>{2}% ATK เมื่อสิ้นสุด เขตจะระเบิดและสร้างความเสียหายเพิ่ม <color=#FF8A3D>{3}% ATK,"Menciptakan Tidal Zone selama <color=#C58CFF>{0} dtk dan menghasilkan <color=#94FF40>{1} hit. Setiap hit memberikan <color=#FF8A3D>{2}% ATK. Saat berakhir, zona meledak dan memberikan tambahan <color=#FF8A3D>{3}% ATK.",<color=#C58CFF>{0}초 동안 해일 영역을 생성해 <color=#94FF40>{1}회 타격합니다. 타격마다 <color=#FF8A3D>{2}% 공격력의 피해를 줍니다. 영역 종료 시 폭발하여 추가로 <color=#FF8A3D>{3}% 공격력의 피해를 줍니다.,ينشئ منطقة مد وجزر لمدة <color=#C58CFF>{0} ث، تسبب <color=#94FF40>{1} إصابات. تسبب كل إصابة ضررًا يعادل <color=#FF8A3D>{2}% من الهجوم. عند انتهاء المنطقة، تنفجر وتسبب ضررًا إضافيًا يعادل <color=#FF8A3D>{3}% من الهجوم.,<color=#C58CFF>{0}秒間、潮流領域を生成し、<color=#94FF40>{1}回攻撃する。1回につき攻撃力の<color=#FF8A3D>{2}%のダメージを与える。終了時に爆発し、追加で攻撃力の<color=#FF8A3D>{3}%のダメージを与える。,"Создаёт Приливную Зону на <color=#C58CFF>{0} сек., наносящую <color=#94FF40>{1} ударов. Каждый удар наносит <color=#FF8A3D>{2}% АТК. После завершения зона взрывается и наносит ещё <color=#FF8A3D>{3}% АТК.",<color=#C58CFF>{0} sn. boyunca bir Gelgit Alanı oluşturur ve <color=#94FF40>{1} vuruş yapar. Her vuruş <color=#FF8A3D>{2}% Saldırı kadar hasar verir. Alan sona erdiğinde patlayarak ek <color=#FF8A3D>{3}% Saldırı kadar hasar verir.
ui_Jerolur_ultimate_decs,"Summons <color=#94FF40>{0} Holy Swords for <color=#C58CFF>{1}s. Each basic attack launches an additional sword, dealing <color=#FF8A3D>{2}% ATK to enemies ahead.",Triệu hồi <color=#94FF40>{0}</color> Thánh Kiếm trong <color=#C58CFF>{1}</color> giây. Mỗi đòn đánh thường phóng thêm kiếm gây <color=#FF8A3D>{2}</color>% ATK lên mục tiêu phía trước.,"Beschwört für <color=#C58CFF>{1} Sek. <color=#94FF40>{0} Heilige Schwerter. Jeder Standardangriff schleudert ein zusätzliches Schwert, das Gegnern voraus <color=#FF8A3D>{2}% ANG zufügt.",Evoca <color=#94FF40>{0} Spade Sacre per <color=#C58CFF>{1} sec. Ogni attacco base scaglia una spada aggiuntiva che infligge <color=#FF8A3D>{2}% ATT ai nemici davanti.,"Invoque <color=#94FF40>{0} Épées Sacrées pendant <color=#C58CFF>{1} s. Chaque attaque normale projette une épée supplémentaire, infligeant <color=#FF8A3D>{2}% d'ATQ aux ennemis devant.",召唤 <color=#94FF40>{0} 把圣剑，持续 <color=#C58CFF>{1} 秒。每次普通攻击都会额外发射一把剑，对前方目标造成 <color=#FF8A3D>{2}%攻击的伤害。,召喚 <color=#94FF40>{0} 把聖劍，持續 <color=#C58CFF>{1} 秒。每次普通攻擊都會額外發射一把劍，對前方目標造成 <color=#FF8A3D>{2}%攻擊的傷害。,"Invoca <color=#94FF40>{0} Espadas Sagradas durante <color=#C58CFF>{1} s. Cada ataque básico lança uma espada adicional, causando <color=#FF8A3D>{2}% de ATQ aos inimigos à frente.","Invoca <color=#94FF40>{0} Espadas Sagradas por <color=#C58CFF>{1} s. Cada ataque básico lança uma espada adicional, causando <color=#FF8A3D>{2}% de ATQ aos inimigos à frente.",Invoca <color=#94FF40>{0} Espadas Sagradas durante <color=#C58CFF>{1} s. Cada ataque básico lanza una espada adicional que inflige <color=#FF8A3D>{2}% de ATQ a los enemigos situados delante.,Invoca <color=#94FF40>{0} Espadas Sagradas durante <color=#C58CFF>{1} s. Cada ataque básico lanza una espada adicional que causa <color=#FF8A3D>{2}% de ATQ a los enemigos de enfrente.,อัญเชิญดาบศักดิ์สิทธิ์ <color=#94FF40>{0} เล่มเป็นเวลา <color=#C58CFF>{1} วินาที ทุกการโจมตีปกติจะยิงดาบเพิ่ม 1 เล่ม สร้างความเสียหาย <color=#FF8A3D>{2}% ATK แก่ศัตรูด้านหน้า,Memanggil <color=#94FF40>{0} Holy Sword selama <color=#C58CFF>{1} dtk. Setiap serangan dasar meluncurkan satu pedang tambahan yang memberikan <color=#FF8A3D>{2}% ATK kepada musuh di depan.,<color=#C58CFF>{1}초 동안 성검 <color=#94FF40>{0}자루를 소환합니다. 기본 공격마다 검 1자루를 추가로 발사해 전방의 적에게 <color=#FF8A3D>{2}% 공격력의 피해를 줍니다.,يستدعي <color=#94FF40>{0} سيوف مقدسة لمدة <color=#C58CFF>{1} ث. يطلق كل هجوم أساسي سيفًا إضافيًا يسبب ضررًا يعادل <color=#FF8A3D>{2}% من الهجوم للأعداء في الأمام.,<color=#C58CFF>{1}秒間、聖剣を<color=#94FF40>{0}本召喚する。通常攻撃のたびに追加の剣を放ち、前方の敵に攻撃力の<color=#FF8A3D>{2}%のダメージを与える。,"Призывает <color=#94FF40>{0} Священных Мечей на <color=#C58CFF>{1} сек. Каждая обычная атака выпускает дополнительный меч, наносящий врагам впереди <color=#FF8A3D>{2}% АТК.",<color=#C58CFF>{1} sn. boyunca <color=#94FF40>{0} Kutsal Kılıç çağırır. Her temel saldırı ilave bir kılıç fırlatır ve öndeki düşmanlara <color=#FF8A3D>{2}% Saldırı kadar hasar verir.
ui_Riddle_ultimate_decs,"Creates a Royal Domain for <color=#C58CFF>{0}s. Allies within gain <color=#FF8A3D>{1}% ATK and <color=#42D9FF>{2}% SPD, while enemies lose <color=#6FA8FF>{3}% DEF.",Tạo Vương Vực trong <color=#C58CFF>{0}</color> giây: đồng minh trong vùng tăng <color=#FF8A3D>{1}</color>% ATK và <color=#42D9FF>{2}</color>% Tốc Độ; kẻ địch giảm <color=#6FA8FF>{3}</color>% DEF.,"Erzeugt für <color=#C58CFF>{0} Sek. ein Königreich. Verbündete darin erhalten <color=#FF8A3D>{1}% ANG und <color=#42D9FF>{2}% GES, während Gegner <color=#6FA8FF>{3}% VER verlieren.","Crea un Dominio Reale per <color=#C58CFF>{0} sec. Gli alleati nell'area ottengono <color=#FF8A3D>{1}% ATT e <color=#42D9FF>{2}% VEL, mentre i nemici perdono <color=#6FA8FF>{3}% DIF.","Crée un Domaine Royal pendant <color=#C58CFF>{0} s. Les alliés dans la zone gagnent <color=#FF8A3D>{1}% d'ATQ et <color=#42D9FF>{2}% de VIT, tandis que les ennemis perdent <color=#6FA8FF>{3}% de DÉF.",制造持续 <color=#C58CFF>{0} 秒的王之领域。领域内友军攻击提高 <color=#FF8A3D>{1}%，速度提高 <color=#42D9FF>{2}%；敌人防御降低 <color=#6FA8FF>{3}%。,製造持續 <color=#C58CFF>{0} 秒的王之領域。領域內友軍攻擊提高 <color=#FF8A3D>{1}%，速度提高 <color=#42D9FF>{2}%；敵人防禦降低 <color=#6FA8FF>{3}%。,"Cria um Domínio Real durante <color=#C58CFF>{0} s. Os aliados na área recebem <color=#FF8A3D>{1}% de ATQ e <color=#42D9FF>{2}% de VEL, enquanto os inimigos perdem <color=#6FA8FF>{3}% de DEF.","Cria um Domínio Real por <color=#C58CFF>{0} s. Os aliados na área recebem <color=#FF8A3D>{1}% de ATQ e <color=#42D9FF>{2}% de VEL, enquanto os inimigos perdem <color=#6FA8FF>{3}% de DEF.","Crea un Dominio Real durante <color=#C58CFF>{0} s. Los aliados dentro obtienen <color=#FF8A3D>{1}% de ATQ y <color=#42D9FF>{2}% de VEL, mientras que los enemigos pierden <color=#6FA8FF>{3}% de DEF.","Crea un Dominio Real durante <color=#C58CFF>{0} s. Los aliados dentro obtienen <color=#FF8A3D>{1}% de ATQ y <color=#42D9FF>{2}% de VEL, mientras que los enemigos pierden <color=#6FA8FF>{3}% de DEF.",สร้างอาณาจักรราชันเป็นเวลา <color=#C58CFF>{0} วินาที พันธมิตรในพื้นที่ได้รับ ATK เพิ่ม <color=#FF8A3D>{1}% และความเร็วเพิ่ม <color=#42D9FF>{2}% ส่วนศัตรูมี DEF ลดลง <color=#6FA8FF>{3}%,"Menciptakan Royal Domain selama <color=#C58CFF>{0} dtk. Rekan di dalam area memperoleh <color=#FF8A3D>{1}% ATK dan <color=#42D9FF>{2}% SPD, sedangkan musuh kehilangan <color=#6FA8FF>{3}% DEF.","<color=#C58CFF>{0}초 동안 왕의 영역을 생성합니다. 영역 내 아군은 공격력이 <color=#FF8A3D>{1}%, 속도가 <color=#42D9FF>{2}% 증가하고, 적은 방어력이 <color=#6FA8FF>{3}% 감소합니다.",ينشئ نطاقًا ملكيًا لمدة <color=#C58CFF>{0} ث. يحصل الحلفاء داخله على زيادة <color=#FF8A3D>{1}% في الهجوم و<color=#42D9FF>{2}% في السرعة، بينما ينخفض دفاع الأعداء بنسبة <color=#6FA8FF>{3}%.,<color=#C58CFF>{0}秒間、王の領域を生成する。領域内の味方は攻撃力が<color=#FF8A3D>{1}%、速度が<color=#42D9FF>{2}%増加し、敵は防御力が<color=#6FA8FF>{3}%減少する。,"Создаёт Королевский Домен на <color=#C58CFF>{0} сек. Союзники внутри получают <color=#FF8A3D>{1}% АТК и <color=#42D9FF>{2}% СКР, а враги теряют <color=#6FA8FF>{3}% ЗАЩ.",<color=#C58CFF>{0} sn. boyunca bir Kraliyet Alanı oluşturur. Alandaki müttefikler <color=#FF8A3D>{1}% Saldırı ve <color=#42D9FF>{2}% Hız kazanırken düşmanlar <color=#6FA8FF>{3}% Savunma kaybeder.
ui_Vorth_ultimate_decs,Creates an ice rift that deals <color=#FF8A3D>{0}% ATK plus <color=#FF8A3D>{1}% Max HP to up to <color=#94FF40>{2} targets and Freezes them for <color=#C58CFF>{3}s.,Tạo khe nứt băng gây <color=#FF8A3D>{0}</color>% ATK cộng <color=#FF8A3D>{1}</color>% HP tối đa lên tối đa <color=#94FF40>{2}</color> mục tiêu và Đóng Băng trong <color=#C58CFF>{3}</color> giây.,"Erzeugt einen Eisriss, der bis zu <color=#94FF40>{2} Zielen <color=#FF8A3D>{0}% ANG plus <color=#FF8A3D>{1}% der max. LP als Schaden zufügt und sie für <color=#C58CFF>{3} Sek. einfriert.",Crea una frattura glaciale che infligge <color=#FF8A3D>{0}% ATT più <color=#FF8A3D>{1}% dei PV massimi a un massimo di <color=#94FF40>{2} bersagli e li Congela per <color=#C58CFF>{3} sec.,Crée une faille glacée qui inflige <color=#FF8A3D>{0}% d'ATQ plus <color=#FF8A3D>{1}% des PV max à un maximum de <color=#94FF40>{2} cibles et les Gèle pendant <color=#C58CFF>{3} s.,制造冰霜裂隙，对最多 <color=#94FF40>{2} 个目标造成 <color=#FF8A3D>{0}%攻击加 <color=#FF8A3D>{1}%最大生命的伤害，并将其冻结 <color=#C58CFF>{3} 秒。,製造冰霜裂隙，對最多 <color=#94FF40>{2} 個目標造成 <color=#FF8A3D>{0}%攻擊加 <color=#FF8A3D>{1}%最大生命的傷害，並將其凍結 <color=#C58CFF>{3} 秒。,Cria uma fenda de gelo que causa <color=#FF8A3D>{0}% de ATQ mais <color=#FF8A3D>{1}% dos PV máximos a até <color=#94FF40>{2} alvos e os Congela durante <color=#C58CFF>{3} s.,Cria uma fenda de gelo que causa <color=#FF8A3D>{0}% de ATQ mais <color=#FF8A3D>{1}% dos PV máximos a até <color=#94FF40>{2} alvos e os Congela por <color=#C58CFF>{3} s.,Crea una grieta de hielo que inflige <color=#FF8A3D>{0}% de ATQ más <color=#FF8A3D>{1}% de los PS máximos a un máximo de <color=#94FF40>{2} objetivos y los Congela durante <color=#C58CFF>{3} s.,Crea una grieta de hielo que causa <color=#FF8A3D>{0}% de ATQ más <color=#FF8A3D>{1}% de los PV máximos a un máximo de <color=#94FF40>{2} objetivos y los Congela durante <color=#C58CFF>{3} s.,สร้างรอยแยกน้ำแข็ง สร้างความเสียหาย <color=#FF8A3D>{0}% ATK บวก <color=#FF8A3D>{1}% ของ HP สูงสุด แก่เป้าหมายสูงสุด <color=#94FF40>{2} ตัว และแช่แข็งเป็นเวลา <color=#C58CFF>{3} วินาที,Menciptakan retakan es yang memberikan <color=#FF8A3D>{0}% ATK ditambah <color=#FF8A3D>{1}% Max HP kepada hingga <color=#94FF40>{2} target dan membekukan mereka selama <color=#C58CFF>{3} dtk.,"얼음 균열을 생성해 최대 <color=#94FF40>{2}명의 대상에게 <color=#FF8A3D>{0}% 공격력과 최대 HP의 <color=#FF8A3D>{1}%만큼 피해를 주고, <color=#C58CFF>{3}초 동안 빙결시킵니다.",ينشئ صدعًا جليديًا يسبب ضررًا يعادل <color=#FF8A3D>{0}% من الهجوم إضافة إلى <color=#FF8A3D>{1}% من الحد الأقصى لنقاط الصحة لما يصل إلى <color=#94FF40>{2} من الأهداف، ويجمّدهم لمدة <color=#C58CFF>{3} ث.,氷の亀裂を生成し、最大<color=#94FF40>{2}体の敵に攻撃力の<color=#FF8A3D>{0}%＋最大HPの<color=#FF8A3D>{1}%のダメージを与え、<color=#C58CFF>{3}秒間凍結させる。,"Создаёт ледяной разлом, наносящий до <color=#94FF40>{2} целям <color=#FF8A3D>{0}% АТК плюс <color=#FF8A3D>{1}% макс. ОЗ и замораживающий их на <color=#C58CFF>{3} сек.",En fazla <color=#94FF40>{2} hedefe <color=#FF8A3D>{0}% Saldırı artı Maks. Canın <color=#FF8A3D>{1}% kadarı hasar veren bir buz yarığı oluşturur ve hedefleri <color=#C58CFF>{3} sn. Dondurur.
ui_Mona_ultimate_decs,"Creates <color=#94FF40>{0} waves, each dealing <color=#FF8A3D>{1}% MATK. The waves then explode, dealing <color=#FF8A3D>{2}% MATK and slowing enemies by <color=#94FF40>{3}% for <color=#C58CFF>{4}s.","Tạo <color=#94FF40>{0}</color> làn sóng, mỗi sóng gây <color=#FF8A3D>{1}</color>% MATK. Sau đó phát nổ gây <color=#FF8A3D>{2}</color>% MATK và làm chậm <color=#94FF40>{3}</color>% trong <color=#C58CFF>{4}</color> giây.","Erzeugt <color=#94FF40>{0} Wellen, die jeweils <color=#FF8A3D>{1}% MATK verursachen. Anschließend explodieren sie, verursachen <color=#FF8A3D>{2}% MATK und verlangsamen Gegner für <color=#C58CFF>{4} Sek. um <color=#94FF40>{3}%.","Crea <color=#94FF40>{0} onde, ciascuna infligge <color=#FF8A3D>{1}% MATK. Poi esplodono, infliggendo <color=#FF8A3D>{2}% MATK e rallentando i nemici del <color=#94FF40>{3}% per <color=#C58CFF>{4} sec.","Crée <color=#94FF40>{0} vagues, chacune infligeant <color=#FF8A3D>{1}% de MATK. Elles explosent ensuite, infligeant <color=#FF8A3D>{2}% de MATK et ralentissant les ennemis de <color=#94FF40>{3}% pendant <color=#C58CFF>{4} s.",制造 <color=#94FF40>{0} 道波浪，每道造成 <color=#FF8A3D>{1}%魔攻的伤害。随后发生爆炸，造成 <color=#FF8A3D>{2}%魔攻的伤害，并使敌人减速 <color=#94FF40>{3}%，持续 <color=#C58CFF>{4} 秒。,製造 <color=#94FF40>{0} 道波浪，每道造成 <color=#FF8A3D>{1}%魔攻的傷害。隨後發生爆炸，造成 <color=#FF8A3D>{2}%魔攻的傷害，並使敵人減速 <color=#94FF40>{3}%，持續 <color=#C58CFF>{4} 秒。,"Cria <color=#94FF40>{0} ondas, cada uma causando <color=#FF8A3D>{1}% de MATK. Depois explodem, causando <color=#FF8A3D>{2}% de MATK e reduzindo a velocidade dos inimigos em <color=#94FF40>{3}% durante <color=#C58CFF>{4} s.","Cria <color=#94FF40>{0} ondas, cada uma causando <color=#FF8A3D>{1}% de MATK. Depois explodem, causando <color=#FF8A3D>{2}% de MATK e reduzindo a velocidade dos inimigos em <color=#94FF40>{3}% por <color=#C58CFF>{4} s.","Crea <color=#94FF40>{0} ondas, cada una inflige <color=#FF8A3D>{1}% de MATK. Después explotan, infligiendo <color=#FF8A3D>{2}% de MATK y ralentizando a los enemigos un <color=#94FF40>{3}% durante <color=#C58CFF>{4} s.","Crea <color=#94FF40>{0} ondas, cada una causa <color=#FF8A3D>{1}% de MATK. Después explotan, causando <color=#FF8A3D>{2}% de MATK y ralentizando a los enemigos un <color=#94FF40>{3}% durante <color=#C58CFF>{4} s.",สร้างคลื่น <color=#94FF40>{0} ระลอก แต่ละระลอกสร้างความเสียหาย <color=#FF8A3D>{1}% MATK จากนั้นระเบิด สร้างความเสียหาย <color=#FF8A3D>{2}% MATK และลดความเร็วศัตรู <color=#94FF40>{3}% เป็นเวลา <color=#C58CFF>{4} วินาที,"Menciptakan <color=#94FF40>{0} gelombang, masing-masing memberikan <color=#FF8A3D>{1}% MATK. Setelah itu gelombang meledak, memberikan <color=#FF8A3D>{2}% MATK dan memperlambat musuh sebesar <color=#94FF40>{3}% selama <color=#C58CFF>{4} dtk.","<color=#94FF40>{0}개의 파동을 생성해 각각 <color=#FF8A3D>{1}% MATK의 피해를 줍니다. 이후 폭발하여 <color=#FF8A3D>{2}% MATK의 피해를 주고, 적의 속도를 <color=#C58CFF>{4}초 동안 <color=#94FF40>{3}% 감소시킵니다.",ينشئ <color=#94FF40>{0} موجات، تسبب كل موجة ضررًا يعادل <color=#FF8A3D>{1}% من MATK. ثم تنفجر، مسببة ضررًا يعادل <color=#FF8A3D>{2}% من MATK وتخفض سرعة الأعداء بنسبة <color=#94FF40>{3}% لمدة <color=#C58CFF>{4} ث.,<color=#94FF40>{0}回の波を生成し、1回につき<color=#FF8A3D>{1}% MATKのダメージを与える。その後爆発し、<color=#FF8A3D>{2}% MATKのダメージを与え、敵の速度を<color=#C58CFF>{4}秒間<color=#94FF40>{3}%低下させる。,"Создаёт <color=#94FF40>{0} волн, каждая наносит <color=#FF8A3D>{1}% MATK. Затем волны взрываются, нанося <color=#FF8A3D>{2}% MATK и замедляя врагов на <color=#94FF40>{3}% на <color=#C58CFF>{4} сек.",<color=#94FF40>{0} dalga oluşturur. Her dalga <color=#FF8A3D>{1}% MATK kadar hasar verir. Ardından patlayarak <color=#FF8A3D>{2}% MATK kadar hasar verir ve düşmanları <color=#C58CFF>{4} sn. boyunca <color=#94FF40>{3}% yavaşlatır.
ui_growth_upgrade,UPGRADE,NÂNG CẤP,VERBESSERN,POTENZIA,AMÉLIORER,升级,升級,MELHORAR,APRIMORAR,MEJORAR,MEJORAR,อัปเกรด,UPGRADE,강화,تطوير,強化,УЛУЧШИТЬ,GELİŞTİR
ui_level_up,Level Up,Thăng Cấp,Stufe erhöhen,Aumenta Livello,Niveau Supérieur,提升等级,提升等級,Subir de Nível,Subir de Nível,Subir de Nivel,Subir de Nivel,เพิ่มเลเวล,Naik Level,레벨 업,رفع المستوى,レベルアップ,Повысить Уровень,Seviye Atla
ui_max_level,Max Level,Cấp Tối Đa,Max. Stufe,Livello Massimo,Niveau Maximum,最高等级,最高等級,Nível Máximo,Nível Máximo,Nivel Máximo,Nivel Máximo,เลเวลสูงสุด,Level Maksimum,최대 레벨,المستوى الأقصى,最大レベル,Макс. Уровень,Maks. Seviye
ui_mission_title,QUESTS,NHIỆM VỤ,AUFGABEN,MISSIONI,QUÊTES,任务,任務,MISSÕES,MISSÕES,MISIONES,MISIONES,ภารกิจ,MISI,퀘스트,المهام,任務,ЗАДАНИЯ,GÖREVLER
ui_claim_all,Claim All,Nhận Tất Cả,Alle abholen,Riscatta Tutto,Tout Récupérer,全部领取,全部領取,Receber Tudo,Resgatar Tudo,Reclamar Todo,Reclamar Todo,รับทั้งหมด,Klaim Semua,모두 받기,استلام الكل,一括受取,Получить Всё,Tümünü Al
ui_mission_daily,Daily,Hằng Ngày,Täglich,Giornaliere,Quotidiennes,每日,每日,Diárias,Diárias,Diarias,Diarias,รายวัน,Harian,일일,يومية,デイリー,Ежедневные,Günlük
ui_mission_weekly,Weekly,Hằng Tuần,Wöchentlich,Settimanali,Hebdomadaires,每周,每週,Semanais,Semanais,Semanales,Semanales,รายสัปดาห์,Mingguan,주간,أسبوعية,ウィークリー,Еженедельные,Haftalık
ui_mission_loop,Repeatable,Lặp Lại,Wiederholbar,Ripetibili,Répétables,重复任务,重複任務,Repetíveis,Repetíveis,Repetibles,Repetibles,ทำซ้ำ,Berulang,반복,متكررة,繰り返し,Повторяемые,Tekrarlanabilir
ui_point_mission,Quest Points,Điểm Nhiệm Vụ,Aufgabenpunkte,Punti Missione,Points de Quête,任务积分,任務積分,Pontos de Missão,Pontos de Missão,Puntos de Misión,Puntos de Misión,คะแนนภารกิจ,Poin Misi,퀘스트 포인트,نقاط المهام,任務ポイント,Очки Заданий,Görev Puanı
ui_to_do,Go,Thực Hiện,Starten,Vai,Accéder,前往,前往,Ir,Ir,Ir,Ir,ไป,Pergi,이동,انتقال,移動,Перейти,Git
ui_claim,Claim,Nhận,Abholen,Riscatta,Récupérer,领取,領取,Receber,Resgatar,Reclamar,Reclamar,รับ,Klaim,수령,استلام,受取,Получить,Al
ui_skill_title,SKILLS,KỸ NĂNG,FÄHIGKEITEN,ABILITÀ,COMPÉTENCES,技能,技能,HABILIDADES,HABILIDADES,HABILIDADES,HABILIDADES,สกิล,SKILL,스킬,المهارات,スキル,НАВЫКИ,YETENEKLER
ui_weapon_title,EQUIPMENT,TRANG BỊ,AUSRÜSTUNG,EQUIPAGGIAMENTO,ÉQUIPEMENT,装备,裝備,EQUIPAMENTO,EQUIPAMENTOS,EQUIPO,EQUIPO,อุปกรณ์,PERLENGKAPAN,장비,المعدات,装備,СНАРЯЖЕНИЕ,EKİPMAN
ui_skill_tab,Skills,Kỹ Năng,Fähigkeiten,Abilità,Compétences,技能,技能,Habilidades,Habilidades,Habilidades,Habilidades,สกิล,Skill,스킬,المهارات,スキル,Навыки,Yetenekler
ui_weapon_tab,Equipment,Trang Bị,Ausrüstung,Equipaggiamento,Équipement,装备,裝備,Equipamento,Equipamentos,Equipo,Equipo,อุปกรณ์,Perlengkapan,장비,المعدات,装備,Снаряжение,Ekipman
ui_auto_equip,Auto Equip,Tự Động Trang Bị,Auto-Ausrüsten,Equipaggia Automaticamente,Équipement Automatique,自动装备,自動裝備,Equipar Automaticamente,Equipar Automaticamente,Equipar Automáticamente,Equipar Automáticamente,สวมใส่อัตโนมัติ,Pasang Otomatis,자동 장착,تجهيز تلقائي,自動装備,Автоэкипировка,Otomatik Kuşan
ui_info_stats,Attributes,Thuộc Tính,Attribute,Attributi,Attributs,属性,屬性,Atributos,Atributos,Atributos,Atributos,คุณสมบัติ,Atribut,속성,الخصائص,属性,Характеристики,Özellikler
ui_info_base_stats,Basic Stats,Thông số cơ bản,Grundwerte,Statistiche Base,Stats de Base,基础属性,基礎屬性,Atributos Básicos,Atributos Básicos,Estadísticas Básicas,Estadísticas Básicas,ค่าสถานะพื้นฐาน,Stat Dasar,기본 능력치,الإحصائيات الأساسية,基本ステータス,Базовые Параметры,Temel Değerler
ui_buff_effect,Attribute Effects,Hiếu Ứng Thuộc Tính,Attributeffekte,Effetti Attributo,Effets d’Attribut,属性效果,屬性效果,Efeitos de Atributo,Efeitos de Atributo,Efectos de Atributo,Efectos de Atributo,เอฟเฟกต์คุณสมบัติ,Efek Atribut,속성 효과,تأثيرات الخصائص,属性効果,Эффекты Характеристик,Özellik Etkileri
ui_mix,Fuse,Dung Hợp,Fusionieren,Fusione,Fusion,融合,融合,Fundir,Fundir,Fusionar,Fusionar,หลอมรวม,Fusi,융합,الدمج,融合,Слияние,Birleştir
ui_normal_weapon,Normal Equipment,Trang Bị Thường,Normale Ausrüstung,Equipaggiamento Normale,Équipement Normal,普通装备,普通裝備,Equipamento Normal,Equipamento Normal,Equipo Normal,Equipo Normal,อุปกรณ์ทั่วไป,Perlengkapan Biasa,일반 장비,المعدات العادية,通常装備,Обычное Снаряжение,Normal Ekipman
ui_weapon_merge_all,Fuse All,Ghép Tất Cả,Alle fusionieren,Fondi Tutto,Tout Fusionner,全部合成,全部合成,Fundir Tudo,Fundir Tudo,Fusionar Todo,Fusionar Todo,หลอมรวมทั้งหมด,Fusi Semua,모두 합성,دمج الكل,すべて合成,Объединить Всё,Tümünü Birleştir
ui_effect_weapon,Equipment Effects,Hiệu Ứng Trang Bị,Ausrüstungseffekte,Effetti Equipaggiamento,Effets d’Équipement,装备效果,裝備效果,Efeitos de Equipamento,Efeitos de Equipamento,Efectos de Equipo,Efectos de Equipo,เอฟเฟกต์อุปกรณ์,Efek Perlengkapan,장비 효과,تأثيرات المعدات,装備効果,Эффекты Снаряжения,Ekipman Etkileri
ui_item_drop,Possible Drops,Những vật phẩm sẽ rớt,Mögliche Beute,Possibili Ricompense,Butins Possibles,可能掉落,可能掉落,Possíveis Recompensas,Possíveis Recompensas,Posibles Recompensas,Posibles Recompensas,ไอเทมที่อาจดรอป,Kemungkinan Drop,획득 가능 아이템,الغنائم المحتملة,ドロップ可能アイテム,Возможная Добыча,Olası Ödüller
ui_start_dungeon,Start Challenge!,Bắt Đầu Khiêu Chiến!,Herausforderung starten!,Inizia la Sfida!,Commencer le Défi !,开始挑战！,開始挑戰！,Iniciar Desafio!,Iniciar Desafio!,¡Iniciar Desafío!,¡Iniciar Desafío!,เริ่มท้าทาย!,Mulai Tantangan!,도전 시작!,ابدأ التحدي!,挑戦開始！,Начать Испытание!,Mücadeleyi Başlat!
ui_record,Record,Kỷ Lục,Rekord,Record,Record,记录,紀錄,Recorde,Recorde,Récord,Récord,สถิติ,Rekor,기록,السجل,記録,Рекорд,Rekor
ui_reward_dungeon,Rewards,Phần Thưởng,Belohnungen,Ricompense,Récompenses,奖励,獎勵,Recompensas,Recompensas,Recompensas,Recompensas,รางวัล,Hadiah,보상,المكافآت,報酬,Награды,Ödüller
ui_stage_dungeon,Stage,Cửa Ải,Stufe,Livello,Niveau,关卡,關卡,Fase,Fase,Fase,Fase,ด่าน,Stage,스테이지,المرحلة,ステージ,Этап,Aşama
ui_auto_dungeon,Sweep,Càng Quét,Schnellkampf,Spedizione Rapida,Balayage,扫荡,掃蕩,Varrer,Varrer,Barrido,Barrido,กวาดล้าง,Sapu,소탕,اكتساح,掃討,Зачистка,Süpür
ui_challenge,Challenge,Khiêu Chiến,Herausfordern,Sfida,Défier,挑战,挑戰,Desafiar,Desafiar,Desafiar,Desafiar,ท้าทาย,Tantang,도전,تحدي,挑戦,Испытание,Mücadele
ui_auto_challenge,Auto Challenge,Tự Động Khiêu Chiến,Auto-Herausforderung,Sfida Automatica,Défi Automatique,自动挑战,自動挑戰,Desafio Automático,Desafio Automático,Desafío Automático,Desafío Automático,ท้าทายอัตโนมัติ,Tantangan Otomatis,자동 도전,تحدي تلقائي,自動挑戦,Автоиспытание,Otomatik Mücadele
ui_decs_dungeon,"Look! Those monsters are carrying a whole pile of treasure!
Are you brave enough to join me in hunting down those goblins and taking their treasure?!","Nhìn kìa! Lũ quái kia đang mang theo cả đống kho báu!
Ngươi đủ can đảm để tham gia cùng ta đi săn kho báu của lũ goblin đó không?!","„Sieh nur! Diese Monster tragen einen ganzen Haufen Schätze bei sich!
Bist du mutig genug, mit mir Jagd auf diese Goblins und ihre Schätze zu machen?!“","""Guarda! Quei mostri stanno trasportando un mucchio di tesori!
Hai abbastanza coraggio da unirti a me nella caccia ai goblin e ai loro tesori?!""","« Regarde ! Ces monstres transportent une montagne de trésors !
As-tu assez de courage pour venir avec moi chasser ces gobelins et récupérer leur butin ?! »","“快看！那些怪物身上带着一大堆宝藏！
你有胆量和我一起去猎杀那些哥布林，夺走它们的宝藏吗？！”","「快看！那些怪物身上帶著一大堆寶藏！
你有膽量和我一起去獵殺那些哥布林，奪走牠們的寶藏嗎？！」","""Olha! Aqueles monstros levam consigo uma enorme pilha de tesouros!
Tens coragem suficiente para te juntares a mim na caça aos goblins e aos seus tesouros?!""","""Olhe! Aqueles monstros estão carregando uma pilha enorme de tesouros!
Você tem coragem suficiente para se juntar a mim na caça aos goblins e aos seus tesouros?!""","""¡Mira! ¡Esos monstruos llevan una enorme montaña de tesoros!
¿Tienes el valor suficiente para acompañarme a cazar a esos goblins y apoderarnos de su tesoro?!""","""¡Mira! ¡Esos monstruos llevan un montón de tesoros!
¿Tienes el valor suficiente para acompañarme a cazar a esos goblins y quedarnos con su tesoro?!""","""ดูนั่นสิ! พวกมอนสเตอร์กำลังแบกสมบัติมากมายอยู่!
เจ้ากล้าพอที่จะไปล่าพวกก็อบลินและชิงสมบัติกับข้าหรือไม่?!""","""Lihat! Monster-monster itu membawa banyak sekali harta karun!
Apa kau cukup berani untuk ikut denganku memburu para goblin dan merebut harta mereka?!""","""저것 봐! 저 몬스터들이 보물을 잔뜩 들고 있어!
나와 함께 고블린을 사냥하고 보물을 빼앗을 용기가 있나?!""","""انظر! تلك الوحوش تحمل كومة هائلة من الكنوز!
هل لديك ما يكفي من الشجاعة للانضمام إليّ في صيد الغوبلن والاستيلاء على كنوزهم؟!""","「見ろ！ あのモンスターたちは大量の宝を持っているぞ！
俺と一緒にゴブリンを狩り、その宝を奪う勇気はあるか？！」","«Смотри! Эти монстры тащат с собой целую гору сокровищ!
Хватит ли тебе смелости присоединиться ко мне, чтобы выследить гоблинов и забрать их сокровища?!»","""Şuna bak! O canavarlar bir yığın hazine taşıyor!
Goblinleri avlayıp hazinelerini ele geçirmek için bana katılacak kadar cesur musun?!"""
ui_special_pack_1,Beginner Pack,Gói Tân Thủ,Anfängerpaket,Pacchetto Principiante,Pack Débutant,新手礼包,新手禮包,Pacote de Principiante,Pacote de Iniciante,Paquete de Principiante,Paquete de Novato,แพ็กมือใหม่,Paket Pemula,초보자 패키지,حزمة المبتدئ,初心者パック,Набор Новичка,Acemi Paketi
ui_special_pack_2,Daily Boost Pack,Gói Tăng Cường Hằng Ngày,Tägliches Verstärkungspaket,Pacchetto Potenziamento Giornaliero,Pack de Boost Quotidien,每日助力礼包,每日助力禮包,Pacote de Reforço Diário,Pacote de Reforço Diário,Paquete de Refuerzo Diario,Paquete de Refuerzo Diario,แพ็กเสริมพลังรายวัน,Paket Boost Harian,일일 부스트 패키지,حزمة التعزيز اليومية,デイリーブーストパック,Ежедневный Набор Усиления,Günlük Güçlendirme Paketi
ui_special_pack_3,Summon Pack,Gói Triệu Hồi,Beschwörungspaket,Pacchetto Evocazione,Pack d’Invocation,召唤礼包,召喚禮包,Pacote de Invocação,Pacote de Invocação,Paquete de Invocación,Paquete de Invocación,แพ็กอัญเชิญ,Paket Summon,소환 패키지,حزمة الاستدعاء,召喚パック,Набор Призыва,Çağırma Paketi
ui_special_pack_4,Growth Pack,Gói Phát Triển,Wachstumspaket,Pacchetto Crescita,Pack de Croissance,成长礼包,成長禮包,Pacote de Crescimento,Pacote de Crescimento,Paquete de Crecimiento,Paquete de Crecimiento,แพ็กเติบโต,Paket Pertumbuhan,성장 패키지,حزمة التطوير,成長パック,Набор Развития,Gelişim Paketi
ui_special_pack_5,Equipment Pack,Gói Trang Bị,Ausrüstungspaket,Pacchetto Equipaggiamento,Pack d’Équipement,装备礼包,裝備禮包,Pacote de Equipamento,Pacote de Equipamentos,Paquete de Equipo,Paquete de Equipo,แพ็กอุปกรณ์,Paket Perlengkapan,장비 패키지,حزمة المعدات,装備パック,Набор Снаряжения,Ekipman Paketi
ui_special_pack_6,Weekly Special,Ưu Đãi Hằng Tuần,Wöchentliches Spezialangebot,Offerta Settimanale,Offre Hebdomadaire,每周特惠,每週特惠,Especial Semanal,Especial Semanal,Especial Semanal,Especial Semanal,ข้อเสนอพิเศษรายสัปดาห์,Spesial Mingguan,주간 특가,عرض أسبوعي خاص,週間スペシャル,Еженедельное Спецпредложение,Haftalık Özel Teklif
ui_special_pack_7,Relic Pack,Gói Thánh Vật,Reliktpaket,Pacchetto Reliquia,Pack de Relique,圣物礼包,聖物禮包,Pacote de Relíquia,Pacote de Relíquia,Paquete de Reliquia,Paquete de Reliquia,แพ็กวัตถุโบราณ,Paket Relik,유물 패키지,حزمة الآثار,遺物パック,Набор Реликвий,Kalıntı Paketi
ui_special_pack_8,Epic Hero Pack,Gói Anh Hùng Sử Thi,Episches Heldenpaket,Pacchetto Eroe Epico,Pack de Héros Épique,史诗英雄礼包,史詩英雄禮包,Pacote de Herói Épico,Pacote de Herói Épico,Paquete de Héroe Épico,Paquete de Héroe Épico,แพ็กฮีโร่ระดับมหากาพย์,Paket Hero Epik,에픽 영웅 패키지,حزمة البطل الملحمي,エピック英雄パック,Набор Эпического Героя,Destansı Kahraman Paketi
ui_special_pack_9,Weapon Master Pack,Gói Bậc Thầy Vũ Khí,Waffenmeister-Paket,Pacchetto Maestro d'Armi,Pack Maître d’Armes,武器大师礼包,武器大師禮包,Pacote de Mestre de Armas,Pacote de Mestre de Armas,Paquete de Maestro de Armas,Paquete de Maestro de Armas,แพ็กปรมาจารย์อาวุธ,Paket Master Senjata,무기 달인 패키지,حزمة خبير الأسلحة,武器マスターパック,Набор Мастера Оружия,Silah Ustası Paketi
ui_special_pack_10,Legendary Pack,Gói Huyền Thoại,Legendäres Paket,Pacchetto Leggendario,Pack Légendaire,传说礼包,傳說禮包,Pacote Lendário,Pacote Lendário,Paquete Legendario,Paquete Legendario,แพ็กตำนาน,Paket Legendaris,전설 패키지,الحزمة الأسطورية,伝説パック,Легендарный Набор,Efsanevi Paket
ui_special_pack_11,Transcendence Pack,Gói Siêu Việt,Transzendenzpaket,Pacchetto Trascendenza,Pack de Transcendance,超越礼包,超越禮包,Pacote de Transcendência,Pacote de Transcendência,Paquete de Trascendencia,Paquete de Trascendencia,แพ็กก้าวข้ามขีดจำกัด,Paket Transendensi,초월 패키지,حزمة التجاوز,超越パック,Набор Трансценденции,Aşkınlık Paketi
ui_special_pack_12,Supreme Value Pack,Gói Siêu Giá Trị,Ultimatives Vorteilspaket,Pacchetto Valore Supremo,Pack Suprême Avantage,至尊超值礼包,至尊超值禮包,Pacote de Valor Supremo,Pacote de Valor Supremo,Paquete de Valor Supremo,Paquete de Valor Supremo,แพ็กสุดคุ้มสูงสุด,Paket Nilai Tertinggi,최고 가치 패키지,حزمة القيمة العليا,至高のお得パック,Высший Выгодный Набор,Üstün Değer Paketi
ui_special_pack_13,Weekly Energy Pass,Thẻ Năng Lượng Tuần,Wöchentlicher Energiepass,Pass Energia Settimanale,Pass d’Énergie Hebdomadaire,每周能量通行证,每週能量通行證,Passe Semanal de Energia,Passe Semanal de Energia,Pase Semanal de Energía,Pase Semanal de Energía,บัตรพลังงานรายสัปดาห์,Pass Energi Mingguan,주간 에너지 패스,بطاقة الطاقة الأسبوعية,週間エネルギーパス,Еженедельный Энергетический Пропуск,Haftalık Enerji Bileti
ui_special_pack_14,Daily Energy Pack,Gói Năng Lượng Hằng Ngày,Tägliches Energiepaket,Pacchetto Energia Giornaliero,Pack d’Énergie Quotidien,每日能量礼包,每日能量禮包,Pacote Diário de Energia,Pacote Diário de Energia,Paquete Diario de Energía,Paquete Diario de Energía,แพ็กพลังงานรายวัน,Paket Energi Harian,일일 에너지 패키지,حزمة الطاقة اليومية,デイリーエネルギーパック,Ежедневный Набор Энергии,Günlük Enerji Paketi
ui_monthly_normal_card,Monthly Card,Thẻ Tháng,Monatskarte,Carta Mensile,Carte Mensuelle,月卡,月卡,Cartão Mensal,Cartão Mensal,Tarjeta Mensual,Tarjeta Mensual,บัตรรายเดือน,Kartu Bulanan,월간 카드,البطاقة الشهرية,月間カード,Месячная Карта,Aylık Kart
ui_monthly_vip_card,Premium Monthly Card,Thẻ Tháng Cao Cấp,Premium-Monatskarte,Carta Mensile Premium,Carte Mensuelle Premium,高级月卡,高級月卡,Cartão Mensal Premium,Cartão Mensal Premium,Tarjeta Mensual Premium,Tarjeta Mensual Premium,บัตรรายเดือนพรีเมียม,Kartu Bulanan Premium,프리미엄 월간 카드,البطاقة الشهرية المميزة,プレミアム月間カード,Премиум Месячная Карта,Premium Aylık Kart